--------------------------------------------------------
-- Archivo creado  - viernes-noviembre-17-2017   
--------------------------------------------------------
--------------------------------------------------------
--  DDL for View CUSTOM_VIEW
--------------------------------------------------------

  CREATE OR REPLACE FORCE NONEDITIONABLE VIEW "SYSTEM"."CUSTOM_VIEW" ("TYPE_A", "APERTURE_DATE", "BALANCE") AS 
  SELECT type_A, APERTURE_DATE, BALANCE
FROM ACCOUNTS
WHERE CUSTOMER_ID = 53
;
--------------------------------------------------------
--  DDL for View IMPRESION_BILLS
--------------------------------------------------------

  CREATE OR REPLACE FORCE NONEDITIONABLE VIEW "SYSTEM"."IMPRESION_BILLS" ("ID_BILL", "ID_SALES_PERSON", "SALES_PERSON_NAME", "ID_CUSTOMER", "NAME_CUSTOMER", "ID_VEHICLE", "VEHICLE_STATUS", "ID_MANUFACTER", "MANUFACTERNAME", "ID_ACCESORIES", "ACCESORY_DESCRIPTION", "DATEOFBILL", "TOTALCOST") AS 
  SELECT BILLS.ID AS ID_BILL,SALES_PERSONS.ID_SALES_PERSON ,SALES_PERSONS.NAME AS SALES_PERSON_NAME,CUSTOMERS.ID_CUSTOMER,CUSTOMERS.NAME_CUSTOMER,VEHICLES.ID_VEHICLE,VEHICLES.VEHICLE_STATUS,
MANUFACTERS.ID_MANUFACTER,MANUFACTERS.MANUFACTERNAME,BILL_DETAILS.ID_ACCESORIES, ACCESORIES.ACCESORY_DESCRIPTION, BILLS.DATEOFBILL,BILLS.TOTALCOST
FROM BILLS 
    INNER JOIN CUSTOMERS ON BILLS.ID_CUSTOMERS = CUSTOMERS.ID_CUSTOMER 
    INNER JOIN SALES_PERSONS ON BILLS.ID_SALES_PERSON = SALES_PERSONS.ID_SALES_PERSON
    INNER JOIN BILL_DETAILS ON BILL_DETAILS.ID_BILLS = BILLS.ID
    INNER JOIN VEHICLES ON VEHICLES.ID_VEHICLE = BILL_DETAILS.ID_VEHICLE
    INNER JOIN MANUFACTERS ON MANUFACTERS.ID_MANUFACTER = VEHICLES.ID_MANUFACTER
    INNER JOIN ACCESORIES ON ACCESORIES.ID_ACCESORY = BILL_DETAILS.ID_ACCESORIES
;
--------------------------------------------------------
--  DDL for View SEARCH_HISTORY
--------------------------------------------------------

  CREATE OR REPLACE FORCE NONEDITIONABLE VIEW "SYSTEM"."SEARCH_HISTORY" ("ID_VEHICLE", "ACTUAL_STATUS", "DATEOFBILL", "LAST_STATUS") AS 
  SELECT VEHICLES.ID_VEHICLE, VEHICLES.VEHICLE_STATUS AS ACTUAL_STATUS, BILLS.DATEOFBILL, BILL_DETAILS.VEHICLE_STATUS AS LAST_STATUS
    FROM VEHICLES INNER JOIN BILL_DETAILS ON VEHICLES.ID_VEHICLE = BILL_DETAILS.ID_VEHICLE INNER JOIN BILLS ON BILL_DETAILS.ID_BILLS = BILLS.ID
    ORDER BY BILLS.DATEOFBILL
;
--------------------------------------------------------
--  DDL for View UNITS_AVAILABLE_UNDER_5
--------------------------------------------------------

  CREATE OR REPLACE FORCE NONEDITIONABLE VIEW "SYSTEM"."UNITS_AVAILABLE_UNDER_5" ("ID_ACCESORY", "ACCESORY_DESCRIPTION", "ID_MANUFACTER", "MANUFACTERNAME", "UNITS_AVAILABLE") AS 
  SELECT ACCESORIES.ID_ACCESORY, ACCESORIES.ACCESORY_DESCRIPTION, ACCESORIES.ID_MANUFACTER,MANUFACTERS.MANUFACTERNAME,ACCESORIES.UNITS_AVAILABLE FROM ACCESORIES INNER JOIN MANUFACTERS ON ACCESORIES.ID_MANUFACTER = MANUFACTERS.ID_MANUFACTER
    WHERE ACCESORIES.UNITS_AVAILABLE < 5
;
--------------------------------------------------------
--  DDL for Type BILL_SEARCH
--------------------------------------------------------

  CREATE OR REPLACE NONEDITIONABLE TYPE "SYSTEM"."BILL_SEARCH" AS OBJECT (BILLSID NUMBER,ID_SALES_PERSON NUMBER ,NAME_S VARCHAR2(255),ID_CUSTOMER NUMBER,NAME_CUSTOMER VARCHAR2(255),ID_VEHICLE NUMBER,VEHICLE_STATUS VARCHAR2(255),
ID_MANUFACTER NUMBER,MANUFACTERNAME VARCHAR2(255),ID_ACCESORIES NUMBER,ACCESORY_DESCRIPTION VARCHAR2(255),DATEOFBILL DATE,TOTALCOST NUMBER)

/
--------------------------------------------------------
--  DDL for Type VARRAY_TYPE
--------------------------------------------------------

  CREATE OR REPLACE NONEDITIONABLE TYPE "SYSTEM"."VARRAY_TYPE" IS VARRAY(5) OF INTEGER;

/
--------------------------------------------------------
--  DDL for Table ACCESORIES
--------------------------------------------------------

  CREATE TABLE "SYSTEM"."ACCESORIES" 
   (	"ID_ACCESORY" NUMBER, 
	"ACCESORY_DESCRIPTION" VARCHAR2(30 BYTE), 
	"MANUFACTER_COST" NUMBER(*,0), 
	"SELL_PRICE" NUMBER(*,0), 
	"DISTRIBUTOR" VARCHAR2(20 BYTE), 
	"ID_MANUFACTER" NUMBER, 
	"UNITS_AVAILABLE" NUMBER
   ) ;
--------------------------------------------------------
--  DDL for Table BILL_DETAILS
--------------------------------------------------------

  CREATE TABLE "SYSTEM"."BILL_DETAILS" 
   (	"ID" NUMBER, 
	"ID_BILLS" NUMBER, 
	"ID_VEHICLE" NUMBER, 
	"ID_ACCESORIES" NUMBER, 
	"VEHICLE_STATUS" VARCHAR2(255 BYTE), 
	"QTY_ACCESORIES" NUMBER
   ) ;
--------------------------------------------------------
--  DDL for Table BILLS
--------------------------------------------------------

  CREATE TABLE "SYSTEM"."BILLS" 
   (	"ID" NUMBER, 
	"DATEOFBILL" DATE, 
	"TOTALCOST" NUMBER(10,2), 
	"TAX_COST" NUMBER(10,2), 
	"TAX_VALUE" NUMBER(10,2), 
	"PURCHASE_TYPE" VARCHAR2(255 BYTE), 
	"LICENSE" VARCHAR2(255 BYTE), 
	"ID_CUSTOMERS" NUMBER, 
	"ID_SALES_PERSON" NUMBER
   ) ;
--------------------------------------------------------
--  DDL for Table CUSTOMERS
--------------------------------------------------------

  CREATE TABLE "SYSTEM"."CUSTOMERS" 
   (	"ID_CUSTOMER" NUMBER, 
	"NAME_CUSTOMER" VARCHAR2(50 BYTE), 
	"CELL_MOBILE_PHONE" VARCHAR2(13 BYTE), 
	"EMAIL_CUSTOMER" VARCHAR2(50 BYTE)
   ) ;
--------------------------------------------------------
--  DDL for Table MANUFACTERS
--------------------------------------------------------

  CREATE TABLE "SYSTEM"."MANUFACTERS" 
   (	"ID_MANUFACTER" NUMBER, 
	"MANUFACTERNAME" VARCHAR2(50 BYTE)
   ) ;
--------------------------------------------------------
--  DDL for Table SALES_PERSONS
--------------------------------------------------------

  CREATE TABLE "SYSTEM"."SALES_PERSONS" 
   (	"ID_SALES_PERSON" NUMBER, 
	"CELL_SALES_PERSON" VARCHAR2(13 BYTE), 
	"ADDRESS_SALES_PERSON" VARCHAR2(50 BYTE), 
	"QTY_SALES" NUMBER(10,2), 
	"NAME" VARCHAR2(255 BYTE)
   ) ;
--------------------------------------------------------
--  DDL for Table VEHICLES
--------------------------------------------------------

  CREATE TABLE "SYSTEM"."VEHICLES" 
   (	"ID_VEHICLE" NUMBER, 
	"CODE" NUMBER, 
	"VEHICLE_NAME" VARCHAR2(30 BYTE), 
	"VEHICLE_COST" NUMBER, 
	"VEHICLE_SERIES" VARCHAR2(30 BYTE), 
	"VEHICLE_MARK" VARCHAR2(30 BYTE), 
	"VEHICLE_MODEL" VARCHAR2(30 BYTE), 
	"VEHICLE_YEAR" VARCHAR2(30 BYTE), 
	"ID_MANUFACTER" NUMBER, 
	"VEHICLE_STATUS" VARCHAR2(255 BYTE)
   ) ;
--------------------------------------------------------
--  DDL for Sequence ACCOUNTS_SEQUENCE
--------------------------------------------------------

   CREATE SEQUENCE  "SYSTEM"."ACCOUNTS_SEQUENCE"  MINVALUE 1 MAXVALUE 40000 INCREMENT BY 1 START WITH 20200 CACHE 20 NOORDER  CYCLE  NOKEEP  NOSCALE  GLOBAL ;
--------------------------------------------------------
--  DDL for Sequence CUSTOMER_SEQUENCE
--------------------------------------------------------

   CREATE SEQUENCE  "SYSTEM"."CUSTOMER_SEQUENCE"  MINVALUE 1 MAXVALUE 5000 INCREMENT BY 1 START WITH 101 CACHE 20 NOORDER  CYCLE  NOKEEP  NOSCALE  GLOBAL ;
--------------------------------------------------------
--  DDL for Sequence LOCATION_SEQUENCE
--------------------------------------------------------

   CREATE SEQUENCE  "SYSTEM"."LOCATION_SEQUENCE"  MINVALUE 1 MAXVALUE 20000 INCREMENT BY 1 START WITH 5020 CACHE 20 NOORDER  CYCLE  NOKEEP  NOSCALE  GLOBAL ;
--------------------------------------------------------
--  DDL for Sequence LOCATIONS_SEQUENCE
--------------------------------------------------------

   CREATE SEQUENCE  "SYSTEM"."LOCATIONS_SEQUENCE"  MINVALUE 1 MAXVALUE 20000 INCREMENT BY 1 START WITH 5000 CACHE 20 NOORDER  CYCLE  NOKEEP  NOSCALE  GLOBAL ;
--------------------------------------------------------
--  DDL for Sequence LOGMNR_DIDS$
--------------------------------------------------------

   CREATE SEQUENCE  "SYSTEM"."LOGMNR_DIDS$"  MINVALUE 1 MAXVALUE 9999999999999999999999999999 INCREMENT BY 1 START WITH 1 NOCACHE  ORDER  NOCYCLE  NOKEEP  NOSCALE  GLOBAL ;
--------------------------------------------------------
--  DDL for Sequence LOGMNR_EVOLVE_SEQ$
--------------------------------------------------------

   CREATE SEQUENCE  "SYSTEM"."LOGMNR_EVOLVE_SEQ$"  MINVALUE 1 MAXVALUE 9999999999999999999999999999 INCREMENT BY 1 START WITH 1 NOCACHE  ORDER  NOCYCLE  NOKEEP  NOSCALE  GLOBAL ;
--------------------------------------------------------
--  DDL for Sequence LOGMNR_SEQ$
--------------------------------------------------------

   CREATE SEQUENCE  "SYSTEM"."LOGMNR_SEQ$"  MINVALUE 1 MAXVALUE 9999999999999999999999999999 INCREMENT BY 1 START WITH 1 NOCACHE  ORDER  NOCYCLE  NOKEEP  NOSCALE  GLOBAL ;
--------------------------------------------------------
--  DDL for Sequence LOGMNR_UIDS$
--------------------------------------------------------

   CREATE SEQUENCE  "SYSTEM"."LOGMNR_UIDS$"  MINVALUE 100 MAXVALUE 99999 INCREMENT BY 1 START WITH 100 NOCACHE  ORDER  CYCLE  NOKEEP  NOSCALE  GLOBAL ;
--------------------------------------------------------
--  DDL for Sequence MVIEW$_ADVSEQ_GENERIC
--------------------------------------------------------

   CREATE SEQUENCE  "SYSTEM"."MVIEW$_ADVSEQ_GENERIC"  MINVALUE 1 MAXVALUE 4294967295 INCREMENT BY 1 START WITH 1 CACHE 50 NOORDER  NOCYCLE  NOKEEP  NOSCALE  GLOBAL ;
--------------------------------------------------------
--  DDL for Sequence MVIEW$_ADVSEQ_ID
--------------------------------------------------------

   CREATE SEQUENCE  "SYSTEM"."MVIEW$_ADVSEQ_ID"  MINVALUE 1 MAXVALUE 4294967295 INCREMENT BY 1 START WITH 1 CACHE 20 NOORDER  NOCYCLE  NOKEEP  NOSCALE  GLOBAL ;
--------------------------------------------------------
--  DDL for Sequence ROLLING_EVENT_SEQ$
--------------------------------------------------------

   CREATE SEQUENCE  "SYSTEM"."ROLLING_EVENT_SEQ$"  MINVALUE 1 MAXVALUE 9999999999999999999999999999 INCREMENT BY 1 START WITH 1 NOCACHE  ORDER  NOCYCLE  NOKEEP  NOSCALE  GLOBAL ;
REM INSERTING into SYSTEM.ACCESORIES
SET DEFINE OFF;
Insert into SYSTEM.ACCESORIES (ID_ACCESORY,ACCESORY_DESCRIPTION,MANUFACTER_COST,SELL_PRICE,DISTRIBUTOR,ID_MANUFACTER,UNITS_AVAILABLE) values ('100','Akeem','462','502','Kenyon','73','21');
Insert into SYSTEM.ACCESORIES (ID_ACCESORY,ACCESORY_DESCRIPTION,MANUFACTER_COST,SELL_PRICE,DISTRIBUTOR,ID_MANUFACTER,UNITS_AVAILABLE) values ('101','Daquan','437','523','Harper','61','24');
Insert into SYSTEM.ACCESORIES (ID_ACCESORY,ACCESORY_DESCRIPTION,MANUFACTER_COST,SELL_PRICE,DISTRIBUTOR,ID_MANUFACTER,UNITS_AVAILABLE) values ('102','Colton','469','739','Jasper','31','18');
Insert into SYSTEM.ACCESORIES (ID_ACCESORY,ACCESORY_DESCRIPTION,MANUFACTER_COST,SELL_PRICE,DISTRIBUTOR,ID_MANUFACTER,UNITS_AVAILABLE) values ('103','Jameson','260','350','Lee','18','8');
Insert into SYSTEM.ACCESORIES (ID_ACCESORY,ACCESORY_DESCRIPTION,MANUFACTER_COST,SELL_PRICE,DISTRIBUTOR,ID_MANUFACTER,UNITS_AVAILABLE) values ('104','Xander','495','571','Phillip','22','16');
Insert into SYSTEM.ACCESORIES (ID_ACCESORY,ACCESORY_DESCRIPTION,MANUFACTER_COST,SELL_PRICE,DISTRIBUTOR,ID_MANUFACTER,UNITS_AVAILABLE) values ('105','Duncan','234','291','Harding','30','14');
Insert into SYSTEM.ACCESORIES (ID_ACCESORY,ACCESORY_DESCRIPTION,MANUFACTER_COST,SELL_PRICE,DISTRIBUTOR,ID_MANUFACTER,UNITS_AVAILABLE) values ('106','Ryder','398','738','Todd','65','18');
Insert into SYSTEM.ACCESORIES (ID_ACCESORY,ACCESORY_DESCRIPTION,MANUFACTER_COST,SELL_PRICE,DISTRIBUTOR,ID_MANUFACTER,UNITS_AVAILABLE) values ('107','Deacon','348','612','Cameron','40','6');
Insert into SYSTEM.ACCESORIES (ID_ACCESORY,ACCESORY_DESCRIPTION,MANUFACTER_COST,SELL_PRICE,DISTRIBUTOR,ID_MANUFACTER,UNITS_AVAILABLE) values ('108','Chaim','211','689','Beau','93','23');
Insert into SYSTEM.ACCESORIES (ID_ACCESORY,ACCESORY_DESCRIPTION,MANUFACTER_COST,SELL_PRICE,DISTRIBUTOR,ID_MANUFACTER,UNITS_AVAILABLE) values ('109','Honorato','434','530','Norman','20','21');
Insert into SYSTEM.ACCESORIES (ID_ACCESORY,ACCESORY_DESCRIPTION,MANUFACTER_COST,SELL_PRICE,DISTRIBUTOR,ID_MANUFACTER,UNITS_AVAILABLE) values ('110','Lionel','421','505','Chaim','48','25');
Insert into SYSTEM.ACCESORIES (ID_ACCESORY,ACCESORY_DESCRIPTION,MANUFACTER_COST,SELL_PRICE,DISTRIBUTOR,ID_MANUFACTER,UNITS_AVAILABLE) values ('111','Lamar','436','606','Benjamin','27','26');
Insert into SYSTEM.ACCESORIES (ID_ACCESORY,ACCESORY_DESCRIPTION,MANUFACTER_COST,SELL_PRICE,DISTRIBUTOR,ID_MANUFACTER,UNITS_AVAILABLE) values ('112','Cairo','305','264','Cadman','61','26');
Insert into SYSTEM.ACCESORIES (ID_ACCESORY,ACCESORY_DESCRIPTION,MANUFACTER_COST,SELL_PRICE,DISTRIBUTOR,ID_MANUFACTER,UNITS_AVAILABLE) values ('113','Dominic','285','257','Steven','81','26');
Insert into SYSTEM.ACCESORIES (ID_ACCESORY,ACCESORY_DESCRIPTION,MANUFACTER_COST,SELL_PRICE,DISTRIBUTOR,ID_MANUFACTER,UNITS_AVAILABLE) values ('114','Kasimir','382','709','Chester','8','30');
Insert into SYSTEM.ACCESORIES (ID_ACCESORY,ACCESORY_DESCRIPTION,MANUFACTER_COST,SELL_PRICE,DISTRIBUTOR,ID_MANUFACTER,UNITS_AVAILABLE) values ('115','Logan','285','705','Hayes','24','23');
Insert into SYSTEM.ACCESORIES (ID_ACCESORY,ACCESORY_DESCRIPTION,MANUFACTER_COST,SELL_PRICE,DISTRIBUTOR,ID_MANUFACTER,UNITS_AVAILABLE) values ('116','Amos','326','685','Abdul','15','1');
Insert into SYSTEM.ACCESORIES (ID_ACCESORY,ACCESORY_DESCRIPTION,MANUFACTER_COST,SELL_PRICE,DISTRIBUTOR,ID_MANUFACTER,UNITS_AVAILABLE) values ('117','Tate','331','666','Tanner','83','22');
Insert into SYSTEM.ACCESORIES (ID_ACCESORY,ACCESORY_DESCRIPTION,MANUFACTER_COST,SELL_PRICE,DISTRIBUTOR,ID_MANUFACTER,UNITS_AVAILABLE) values ('118','Alden','281','737','Burton','41','26');
Insert into SYSTEM.ACCESORIES (ID_ACCESORY,ACCESORY_DESCRIPTION,MANUFACTER_COST,SELL_PRICE,DISTRIBUTOR,ID_MANUFACTER,UNITS_AVAILABLE) values ('119','Xenos','232','649','Mohammad','90','11');
Insert into SYSTEM.ACCESORIES (ID_ACCESORY,ACCESORY_DESCRIPTION,MANUFACTER_COST,SELL_PRICE,DISTRIBUTOR,ID_MANUFACTER,UNITS_AVAILABLE) values ('120','Lawrence','336','386','Isaac','48','7');
Insert into SYSTEM.ACCESORIES (ID_ACCESORY,ACCESORY_DESCRIPTION,MANUFACTER_COST,SELL_PRICE,DISTRIBUTOR,ID_MANUFACTER,UNITS_AVAILABLE) values ('121','Lane','266','284','Flynn','100','28');
Insert into SYSTEM.ACCESORIES (ID_ACCESORY,ACCESORY_DESCRIPTION,MANUFACTER_COST,SELL_PRICE,DISTRIBUTOR,ID_MANUFACTER,UNITS_AVAILABLE) values ('122','Lee','357','659','Malik','66','24');
Insert into SYSTEM.ACCESORIES (ID_ACCESORY,ACCESORY_DESCRIPTION,MANUFACTER_COST,SELL_PRICE,DISTRIBUTOR,ID_MANUFACTER,UNITS_AVAILABLE) values ('123','Wing','394','581','Emerson','29','15');
Insert into SYSTEM.ACCESORIES (ID_ACCESORY,ACCESORY_DESCRIPTION,MANUFACTER_COST,SELL_PRICE,DISTRIBUTOR,ID_MANUFACTER,UNITS_AVAILABLE) values ('124','Acton','395','577','Malik','87','9');
Insert into SYSTEM.ACCESORIES (ID_ACCESORY,ACCESORY_DESCRIPTION,MANUFACTER_COST,SELL_PRICE,DISTRIBUTOR,ID_MANUFACTER,UNITS_AVAILABLE) values ('125','Gavin','473','394','Vaughan','32','23');
Insert into SYSTEM.ACCESORIES (ID_ACCESORY,ACCESORY_DESCRIPTION,MANUFACTER_COST,SELL_PRICE,DISTRIBUTOR,ID_MANUFACTER,UNITS_AVAILABLE) values ('126','Cyrus','244','565','Alec','78','4');
Insert into SYSTEM.ACCESORIES (ID_ACCESORY,ACCESORY_DESCRIPTION,MANUFACTER_COST,SELL_PRICE,DISTRIBUTOR,ID_MANUFACTER,UNITS_AVAILABLE) values ('127','Alexander','354','479','Cyrus','78','30');
Insert into SYSTEM.ACCESORIES (ID_ACCESORY,ACCESORY_DESCRIPTION,MANUFACTER_COST,SELL_PRICE,DISTRIBUTOR,ID_MANUFACTER,UNITS_AVAILABLE) values ('128','Forrest','315','599','Keaton','28','21');
Insert into SYSTEM.ACCESORIES (ID_ACCESORY,ACCESORY_DESCRIPTION,MANUFACTER_COST,SELL_PRICE,DISTRIBUTOR,ID_MANUFACTER,UNITS_AVAILABLE) values ('129','Beck','439','677','Micah','96','24');
Insert into SYSTEM.ACCESORIES (ID_ACCESORY,ACCESORY_DESCRIPTION,MANUFACTER_COST,SELL_PRICE,DISTRIBUTOR,ID_MANUFACTER,UNITS_AVAILABLE) values ('130','Timon','233','563','Seth','67','14');
Insert into SYSTEM.ACCESORIES (ID_ACCESORY,ACCESORY_DESCRIPTION,MANUFACTER_COST,SELL_PRICE,DISTRIBUTOR,ID_MANUFACTER,UNITS_AVAILABLE) values ('131','Guy','268','730','Rajah','73','28');
Insert into SYSTEM.ACCESORIES (ID_ACCESORY,ACCESORY_DESCRIPTION,MANUFACTER_COST,SELL_PRICE,DISTRIBUTOR,ID_MANUFACTER,UNITS_AVAILABLE) values ('132','Hayes','261','607','Dane','80','4');
Insert into SYSTEM.ACCESORIES (ID_ACCESORY,ACCESORY_DESCRIPTION,MANUFACTER_COST,SELL_PRICE,DISTRIBUTOR,ID_MANUFACTER,UNITS_AVAILABLE) values ('133','Vernon','311','624','Galvin','3','4');
Insert into SYSTEM.ACCESORIES (ID_ACCESORY,ACCESORY_DESCRIPTION,MANUFACTER_COST,SELL_PRICE,DISTRIBUTOR,ID_MANUFACTER,UNITS_AVAILABLE) values ('134','Lester','229','369','Paki','54','26');
Insert into SYSTEM.ACCESORIES (ID_ACCESORY,ACCESORY_DESCRIPTION,MANUFACTER_COST,SELL_PRICE,DISTRIBUTOR,ID_MANUFACTER,UNITS_AVAILABLE) values ('135','Matthew','388','698','Griffin','81','25');
Insert into SYSTEM.ACCESORIES (ID_ACCESORY,ACCESORY_DESCRIPTION,MANUFACTER_COST,SELL_PRICE,DISTRIBUTOR,ID_MANUFACTER,UNITS_AVAILABLE) values ('136','Byron','472','360','Blake','51','21');
Insert into SYSTEM.ACCESORIES (ID_ACCESORY,ACCESORY_DESCRIPTION,MANUFACTER_COST,SELL_PRICE,DISTRIBUTOR,ID_MANUFACTER,UNITS_AVAILABLE) values ('137','Preston','276','488','Randall','8','10');
Insert into SYSTEM.ACCESORIES (ID_ACCESORY,ACCESORY_DESCRIPTION,MANUFACTER_COST,SELL_PRICE,DISTRIBUTOR,ID_MANUFACTER,UNITS_AVAILABLE) values ('138','Branden','462','389','Uriah','100','4');
Insert into SYSTEM.ACCESORIES (ID_ACCESORY,ACCESORY_DESCRIPTION,MANUFACTER_COST,SELL_PRICE,DISTRIBUTOR,ID_MANUFACTER,UNITS_AVAILABLE) values ('139','Cade','356','610','Porter','2','13');
Insert into SYSTEM.ACCESORIES (ID_ACCESORY,ACCESORY_DESCRIPTION,MANUFACTER_COST,SELL_PRICE,DISTRIBUTOR,ID_MANUFACTER,UNITS_AVAILABLE) values ('140','Peter','229','286','Forrest','54','2');
Insert into SYSTEM.ACCESORIES (ID_ACCESORY,ACCESORY_DESCRIPTION,MANUFACTER_COST,SELL_PRICE,DISTRIBUTOR,ID_MANUFACTER,UNITS_AVAILABLE) values ('141','Hashim','481','555','Ahmed','12','21');
Insert into SYSTEM.ACCESORIES (ID_ACCESORY,ACCESORY_DESCRIPTION,MANUFACTER_COST,SELL_PRICE,DISTRIBUTOR,ID_MANUFACTER,UNITS_AVAILABLE) values ('142','Justin','346','450','Michael','94','26');
Insert into SYSTEM.ACCESORIES (ID_ACCESORY,ACCESORY_DESCRIPTION,MANUFACTER_COST,SELL_PRICE,DISTRIBUTOR,ID_MANUFACTER,UNITS_AVAILABLE) values ('143','Colin','289','634','Sylvester','93','10');
Insert into SYSTEM.ACCESORIES (ID_ACCESORY,ACCESORY_DESCRIPTION,MANUFACTER_COST,SELL_PRICE,DISTRIBUTOR,ID_MANUFACTER,UNITS_AVAILABLE) values ('144','Dylan','210','590','Matthew','66','24');
Insert into SYSTEM.ACCESORIES (ID_ACCESORY,ACCESORY_DESCRIPTION,MANUFACTER_COST,SELL_PRICE,DISTRIBUTOR,ID_MANUFACTER,UNITS_AVAILABLE) values ('145','Brady','341','397','Tucker','87','20');
Insert into SYSTEM.ACCESORIES (ID_ACCESORY,ACCESORY_DESCRIPTION,MANUFACTER_COST,SELL_PRICE,DISTRIBUTOR,ID_MANUFACTER,UNITS_AVAILABLE) values ('146','Nathan','290','331','Hiram','15','10');
Insert into SYSTEM.ACCESORIES (ID_ACCESORY,ACCESORY_DESCRIPTION,MANUFACTER_COST,SELL_PRICE,DISTRIBUTOR,ID_MANUFACTER,UNITS_AVAILABLE) values ('147','Brent','320','705','Jerome','77','11');
Insert into SYSTEM.ACCESORIES (ID_ACCESORY,ACCESORY_DESCRIPTION,MANUFACTER_COST,SELL_PRICE,DISTRIBUTOR,ID_MANUFACTER,UNITS_AVAILABLE) values ('148','Jonas','403','277','Orson','59','9');
Insert into SYSTEM.ACCESORIES (ID_ACCESORY,ACCESORY_DESCRIPTION,MANUFACTER_COST,SELL_PRICE,DISTRIBUTOR,ID_MANUFACTER,UNITS_AVAILABLE) values ('149','Flynn','238','646','Ezekiel','27','18');
Insert into SYSTEM.ACCESORIES (ID_ACCESORY,ACCESORY_DESCRIPTION,MANUFACTER_COST,SELL_PRICE,DISTRIBUTOR,ID_MANUFACTER,UNITS_AVAILABLE) values ('150','Dorian','276','696','Palmer','98','26');
Insert into SYSTEM.ACCESORIES (ID_ACCESORY,ACCESORY_DESCRIPTION,MANUFACTER_COST,SELL_PRICE,DISTRIBUTOR,ID_MANUFACTER,UNITS_AVAILABLE) values ('151','Guy','484','571','Jerry','73','5');
Insert into SYSTEM.ACCESORIES (ID_ACCESORY,ACCESORY_DESCRIPTION,MANUFACTER_COST,SELL_PRICE,DISTRIBUTOR,ID_MANUFACTER,UNITS_AVAILABLE) values ('152','Kieran','407','255','Caleb','74','15');
Insert into SYSTEM.ACCESORIES (ID_ACCESORY,ACCESORY_DESCRIPTION,MANUFACTER_COST,SELL_PRICE,DISTRIBUTOR,ID_MANUFACTER,UNITS_AVAILABLE) values ('153','Oliver','475','549','Axel','20','15');
Insert into SYSTEM.ACCESORIES (ID_ACCESORY,ACCESORY_DESCRIPTION,MANUFACTER_COST,SELL_PRICE,DISTRIBUTOR,ID_MANUFACTER,UNITS_AVAILABLE) values ('154','Lars','206','640','Gabriel','1','18');
Insert into SYSTEM.ACCESORIES (ID_ACCESORY,ACCESORY_DESCRIPTION,MANUFACTER_COST,SELL_PRICE,DISTRIBUTOR,ID_MANUFACTER,UNITS_AVAILABLE) values ('155','Lucas','436','641','Elliott','65','19');
Insert into SYSTEM.ACCESORIES (ID_ACCESORY,ACCESORY_DESCRIPTION,MANUFACTER_COST,SELL_PRICE,DISTRIBUTOR,ID_MANUFACTER,UNITS_AVAILABLE) values ('156','Dolan','227','611','Steel','77','1');
Insert into SYSTEM.ACCESORIES (ID_ACCESORY,ACCESORY_DESCRIPTION,MANUFACTER_COST,SELL_PRICE,DISTRIBUTOR,ID_MANUFACTER,UNITS_AVAILABLE) values ('157','Abraham','455','307','Kennedy','18','30');
Insert into SYSTEM.ACCESORIES (ID_ACCESORY,ACCESORY_DESCRIPTION,MANUFACTER_COST,SELL_PRICE,DISTRIBUTOR,ID_MANUFACTER,UNITS_AVAILABLE) values ('158','Lars','201','277','Arsenio','69','15');
Insert into SYSTEM.ACCESORIES (ID_ACCESORY,ACCESORY_DESCRIPTION,MANUFACTER_COST,SELL_PRICE,DISTRIBUTOR,ID_MANUFACTER,UNITS_AVAILABLE) values ('159','Fletcher','235','496','Abel','42','23');
Insert into SYSTEM.ACCESORIES (ID_ACCESORY,ACCESORY_DESCRIPTION,MANUFACTER_COST,SELL_PRICE,DISTRIBUTOR,ID_MANUFACTER,UNITS_AVAILABLE) values ('160','Hamish','320','564','Coby','56','26');
Insert into SYSTEM.ACCESORIES (ID_ACCESORY,ACCESORY_DESCRIPTION,MANUFACTER_COST,SELL_PRICE,DISTRIBUTOR,ID_MANUFACTER,UNITS_AVAILABLE) values ('161','Reuben','415','402','Christopher','35','2');
Insert into SYSTEM.ACCESORIES (ID_ACCESORY,ACCESORY_DESCRIPTION,MANUFACTER_COST,SELL_PRICE,DISTRIBUTOR,ID_MANUFACTER,UNITS_AVAILABLE) values ('162','Upton','361','385','Zane','8','7');
Insert into SYSTEM.ACCESORIES (ID_ACCESORY,ACCESORY_DESCRIPTION,MANUFACTER_COST,SELL_PRICE,DISTRIBUTOR,ID_MANUFACTER,UNITS_AVAILABLE) values ('163','Amery','298','252','Talon','42','14');
Insert into SYSTEM.ACCESORIES (ID_ACCESORY,ACCESORY_DESCRIPTION,MANUFACTER_COST,SELL_PRICE,DISTRIBUTOR,ID_MANUFACTER,UNITS_AVAILABLE) values ('164','Cain','488','702','Hu','60','24');
Insert into SYSTEM.ACCESORIES (ID_ACCESORY,ACCESORY_DESCRIPTION,MANUFACTER_COST,SELL_PRICE,DISTRIBUTOR,ID_MANUFACTER,UNITS_AVAILABLE) values ('165','Devin','404','471','Joel','38','19');
Insert into SYSTEM.ACCESORIES (ID_ACCESORY,ACCESORY_DESCRIPTION,MANUFACTER_COST,SELL_PRICE,DISTRIBUTOR,ID_MANUFACTER,UNITS_AVAILABLE) values ('166','Barclay','266','422','Mark','60','26');
Insert into SYSTEM.ACCESORIES (ID_ACCESORY,ACCESORY_DESCRIPTION,MANUFACTER_COST,SELL_PRICE,DISTRIBUTOR,ID_MANUFACTER,UNITS_AVAILABLE) values ('167','Dorian','412','414','Elmo','58','29');
Insert into SYSTEM.ACCESORIES (ID_ACCESORY,ACCESORY_DESCRIPTION,MANUFACTER_COST,SELL_PRICE,DISTRIBUTOR,ID_MANUFACTER,UNITS_AVAILABLE) values ('168','Ira','386','559','Emery','45','20');
Insert into SYSTEM.ACCESORIES (ID_ACCESORY,ACCESORY_DESCRIPTION,MANUFACTER_COST,SELL_PRICE,DISTRIBUTOR,ID_MANUFACTER,UNITS_AVAILABLE) values ('169','Warren','229','399','Hu','28','16');
Insert into SYSTEM.ACCESORIES (ID_ACCESORY,ACCESORY_DESCRIPTION,MANUFACTER_COST,SELL_PRICE,DISTRIBUTOR,ID_MANUFACTER,UNITS_AVAILABLE) values ('170','Marsden','339','697','Nicholas','81','15');
Insert into SYSTEM.ACCESORIES (ID_ACCESORY,ACCESORY_DESCRIPTION,MANUFACTER_COST,SELL_PRICE,DISTRIBUTOR,ID_MANUFACTER,UNITS_AVAILABLE) values ('171','Damian','432','596','Keane','37','6');
Insert into SYSTEM.ACCESORIES (ID_ACCESORY,ACCESORY_DESCRIPTION,MANUFACTER_COST,SELL_PRICE,DISTRIBUTOR,ID_MANUFACTER,UNITS_AVAILABLE) values ('172','Keaton','425','632','Odysseus','62','4');
Insert into SYSTEM.ACCESORIES (ID_ACCESORY,ACCESORY_DESCRIPTION,MANUFACTER_COST,SELL_PRICE,DISTRIBUTOR,ID_MANUFACTER,UNITS_AVAILABLE) values ('173','Malik','279','350','Mannix','24','2');
Insert into SYSTEM.ACCESORIES (ID_ACCESORY,ACCESORY_DESCRIPTION,MANUFACTER_COST,SELL_PRICE,DISTRIBUTOR,ID_MANUFACTER,UNITS_AVAILABLE) values ('174','Lee','482','514','Ahmed','33','7');
Insert into SYSTEM.ACCESORIES (ID_ACCESORY,ACCESORY_DESCRIPTION,MANUFACTER_COST,SELL_PRICE,DISTRIBUTOR,ID_MANUFACTER,UNITS_AVAILABLE) values ('175','Dylan','445','602','Hammett','64','15');
Insert into SYSTEM.ACCESORIES (ID_ACCESORY,ACCESORY_DESCRIPTION,MANUFACTER_COST,SELL_PRICE,DISTRIBUTOR,ID_MANUFACTER,UNITS_AVAILABLE) values ('176','Logan','410','320','Xavier','42','7');
Insert into SYSTEM.ACCESORIES (ID_ACCESORY,ACCESORY_DESCRIPTION,MANUFACTER_COST,SELL_PRICE,DISTRIBUTOR,ID_MANUFACTER,UNITS_AVAILABLE) values ('177','Warren','212','308','Kato','98','9');
Insert into SYSTEM.ACCESORIES (ID_ACCESORY,ACCESORY_DESCRIPTION,MANUFACTER_COST,SELL_PRICE,DISTRIBUTOR,ID_MANUFACTER,UNITS_AVAILABLE) values ('178','Josiah','242','251','Cruz','75','26');
Insert into SYSTEM.ACCESORIES (ID_ACCESORY,ACCESORY_DESCRIPTION,MANUFACTER_COST,SELL_PRICE,DISTRIBUTOR,ID_MANUFACTER,UNITS_AVAILABLE) values ('179','Louis','259','304','Trevor','28','25');
Insert into SYSTEM.ACCESORIES (ID_ACCESORY,ACCESORY_DESCRIPTION,MANUFACTER_COST,SELL_PRICE,DISTRIBUTOR,ID_MANUFACTER,UNITS_AVAILABLE) values ('180','Austin','296','452','Knox','91','15');
Insert into SYSTEM.ACCESORIES (ID_ACCESORY,ACCESORY_DESCRIPTION,MANUFACTER_COST,SELL_PRICE,DISTRIBUTOR,ID_MANUFACTER,UNITS_AVAILABLE) values ('181','Herrod','268','532','Aidan','76','4');
Insert into SYSTEM.ACCESORIES (ID_ACCESORY,ACCESORY_DESCRIPTION,MANUFACTER_COST,SELL_PRICE,DISTRIBUTOR,ID_MANUFACTER,UNITS_AVAILABLE) values ('182','Dominic','209','348','Linus','7','1');
Insert into SYSTEM.ACCESORIES (ID_ACCESORY,ACCESORY_DESCRIPTION,MANUFACTER_COST,SELL_PRICE,DISTRIBUTOR,ID_MANUFACTER,UNITS_AVAILABLE) values ('183','Dolan','346','564','Lane','84','29');
Insert into SYSTEM.ACCESORIES (ID_ACCESORY,ACCESORY_DESCRIPTION,MANUFACTER_COST,SELL_PRICE,DISTRIBUTOR,ID_MANUFACTER,UNITS_AVAILABLE) values ('184','Hilel','491','445','Dalton','70','8');
Insert into SYSTEM.ACCESORIES (ID_ACCESORY,ACCESORY_DESCRIPTION,MANUFACTER_COST,SELL_PRICE,DISTRIBUTOR,ID_MANUFACTER,UNITS_AVAILABLE) values ('185','August','460','417','Oren','68','8');
Insert into SYSTEM.ACCESORIES (ID_ACCESORY,ACCESORY_DESCRIPTION,MANUFACTER_COST,SELL_PRICE,DISTRIBUTOR,ID_MANUFACTER,UNITS_AVAILABLE) values ('186','Brock','318','567','Bevis','97','5');
Insert into SYSTEM.ACCESORIES (ID_ACCESORY,ACCESORY_DESCRIPTION,MANUFACTER_COST,SELL_PRICE,DISTRIBUTOR,ID_MANUFACTER,UNITS_AVAILABLE) values ('187','Brian','200','633','Owen','43','3');
Insert into SYSTEM.ACCESORIES (ID_ACCESORY,ACCESORY_DESCRIPTION,MANUFACTER_COST,SELL_PRICE,DISTRIBUTOR,ID_MANUFACTER,UNITS_AVAILABLE) values ('188','Guy','478','454','Holmes','94','14');
Insert into SYSTEM.ACCESORIES (ID_ACCESORY,ACCESORY_DESCRIPTION,MANUFACTER_COST,SELL_PRICE,DISTRIBUTOR,ID_MANUFACTER,UNITS_AVAILABLE) values ('189','Christian','352','358','Ivor','93','29');
Insert into SYSTEM.ACCESORIES (ID_ACCESORY,ACCESORY_DESCRIPTION,MANUFACTER_COST,SELL_PRICE,DISTRIBUTOR,ID_MANUFACTER,UNITS_AVAILABLE) values ('190','Lawrence','445','721','Sebastian','33','8');
Insert into SYSTEM.ACCESORIES (ID_ACCESORY,ACCESORY_DESCRIPTION,MANUFACTER_COST,SELL_PRICE,DISTRIBUTOR,ID_MANUFACTER,UNITS_AVAILABLE) values ('191','Abbot','385','436','Ethan','94','21');
Insert into SYSTEM.ACCESORIES (ID_ACCESORY,ACCESORY_DESCRIPTION,MANUFACTER_COST,SELL_PRICE,DISTRIBUTOR,ID_MANUFACTER,UNITS_AVAILABLE) values ('192','Conan','257','347','Zahir','42','8');
Insert into SYSTEM.ACCESORIES (ID_ACCESORY,ACCESORY_DESCRIPTION,MANUFACTER_COST,SELL_PRICE,DISTRIBUTOR,ID_MANUFACTER,UNITS_AVAILABLE) values ('193','Reed','298','441','Channing','53','4');
Insert into SYSTEM.ACCESORIES (ID_ACCESORY,ACCESORY_DESCRIPTION,MANUFACTER_COST,SELL_PRICE,DISTRIBUTOR,ID_MANUFACTER,UNITS_AVAILABLE) values ('194','Raja','415','532','Brody','51','8');
Insert into SYSTEM.ACCESORIES (ID_ACCESORY,ACCESORY_DESCRIPTION,MANUFACTER_COST,SELL_PRICE,DISTRIBUTOR,ID_MANUFACTER,UNITS_AVAILABLE) values ('195','Lars','260','512','Abbot','73','24');
Insert into SYSTEM.ACCESORIES (ID_ACCESORY,ACCESORY_DESCRIPTION,MANUFACTER_COST,SELL_PRICE,DISTRIBUTOR,ID_MANUFACTER,UNITS_AVAILABLE) values ('196','Hector','252','499','Demetrius','41','2');
Insert into SYSTEM.ACCESORIES (ID_ACCESORY,ACCESORY_DESCRIPTION,MANUFACTER_COST,SELL_PRICE,DISTRIBUTOR,ID_MANUFACTER,UNITS_AVAILABLE) values ('197','Len','389','267','Ferris','33','2');
Insert into SYSTEM.ACCESORIES (ID_ACCESORY,ACCESORY_DESCRIPTION,MANUFACTER_COST,SELL_PRICE,DISTRIBUTOR,ID_MANUFACTER,UNITS_AVAILABLE) values ('198','Dalton','427','298','Sebastian','45','14');
Insert into SYSTEM.ACCESORIES (ID_ACCESORY,ACCESORY_DESCRIPTION,MANUFACTER_COST,SELL_PRICE,DISTRIBUTOR,ID_MANUFACTER,UNITS_AVAILABLE) values ('199','Clarke','450','524','Harrison','52','5');
REM INSERTING into SYSTEM.BILL_DETAILS
SET DEFINE OFF;
Insert into SYSTEM.BILL_DETAILS (ID,ID_BILLS,ID_VEHICLE,ID_ACCESORIES,VEHICLE_STATUS,QTY_ACCESORIES) values ('1','133','81','108','SOLD','3');
Insert into SYSTEM.BILL_DETAILS (ID,ID_BILLS,ID_VEHICLE,ID_ACCESORIES,VEHICLE_STATUS,QTY_ACCESORIES) values ('2','150','45','186','TRADE','4');
Insert into SYSTEM.BILL_DETAILS (ID,ID_BILLS,ID_VEHICLE,ID_ACCESORIES,VEHICLE_STATUS,QTY_ACCESORIES) values ('4','141','63','126','SOLD','5');
Insert into SYSTEM.BILL_DETAILS (ID,ID_BILLS,ID_VEHICLE,ID_ACCESORIES,VEHICLE_STATUS,QTY_ACCESORIES) values ('5','187','80','168','SOLD','2');
Insert into SYSTEM.BILL_DETAILS (ID,ID_BILLS,ID_VEHICLE,ID_ACCESORIES,VEHICLE_STATUS,QTY_ACCESORIES) values ('6','139','70','139','SOLD','1');
Insert into SYSTEM.BILL_DETAILS (ID,ID_BILLS,ID_VEHICLE,ID_ACCESORIES,VEHICLE_STATUS,QTY_ACCESORIES) values ('7','159','63','146','TRADE','4');
Insert into SYSTEM.BILL_DETAILS (ID,ID_BILLS,ID_VEHICLE,ID_ACCESORIES,VEHICLE_STATUS,QTY_ACCESORIES) values ('10','179','95','132','SOLD','5');
Insert into SYSTEM.BILL_DETAILS (ID,ID_BILLS,ID_VEHICLE,ID_ACCESORIES,VEHICLE_STATUS,QTY_ACCESORIES) values ('11','109','96','140','SOLD','4');
Insert into SYSTEM.BILL_DETAILS (ID,ID_BILLS,ID_VEHICLE,ID_ACCESORIES,VEHICLE_STATUS,QTY_ACCESORIES) values ('12','133','91','194','SOLD','1');
Insert into SYSTEM.BILL_DETAILS (ID,ID_BILLS,ID_VEHICLE,ID_ACCESORIES,VEHICLE_STATUS,QTY_ACCESORIES) values ('13','141','76','136','SOLD','4');
Insert into SYSTEM.BILL_DETAILS (ID,ID_BILLS,ID_VEHICLE,ID_ACCESORIES,VEHICLE_STATUS,QTY_ACCESORIES) values ('14','117','57','173','TRADE','4');
Insert into SYSTEM.BILL_DETAILS (ID,ID_BILLS,ID_VEHICLE,ID_ACCESORIES,VEHICLE_STATUS,QTY_ACCESORIES) values ('15','128','91','142','TRADE','5');
Insert into SYSTEM.BILL_DETAILS (ID,ID_BILLS,ID_VEHICLE,ID_ACCESORIES,VEHICLE_STATUS,QTY_ACCESORIES) values ('16','155','74','135','SOLD','3');
Insert into SYSTEM.BILL_DETAILS (ID,ID_BILLS,ID_VEHICLE,ID_ACCESORIES,VEHICLE_STATUS,QTY_ACCESORIES) values ('19','156','80','158','TRADE','2');
Insert into SYSTEM.BILL_DETAILS (ID,ID_BILLS,ID_VEHICLE,ID_ACCESORIES,VEHICLE_STATUS,QTY_ACCESORIES) values ('21','160','62','100','SOLD','3');
Insert into SYSTEM.BILL_DETAILS (ID,ID_BILLS,ID_VEHICLE,ID_ACCESORIES,VEHICLE_STATUS,QTY_ACCESORIES) values ('22','149','42','195','SOLD','2');
Insert into SYSTEM.BILL_DETAILS (ID,ID_BILLS,ID_VEHICLE,ID_ACCESORIES,VEHICLE_STATUS,QTY_ACCESORIES) values ('24','119','60','166','SOLD','2');
Insert into SYSTEM.BILL_DETAILS (ID,ID_BILLS,ID_VEHICLE,ID_ACCESORIES,VEHICLE_STATUS,QTY_ACCESORIES) values ('25','199','43','191','SOLD','2');
Insert into SYSTEM.BILL_DETAILS (ID,ID_BILLS,ID_VEHICLE,ID_ACCESORIES,VEHICLE_STATUS,QTY_ACCESORIES) values ('26','155','67','181','SOLD','2');
Insert into SYSTEM.BILL_DETAILS (ID,ID_BILLS,ID_VEHICLE,ID_ACCESORIES,VEHICLE_STATUS,QTY_ACCESORIES) values ('27','104','72','167','SOLD','5');
Insert into SYSTEM.BILL_DETAILS (ID,ID_BILLS,ID_VEHICLE,ID_ACCESORIES,VEHICLE_STATUS,QTY_ACCESORIES) values ('29','171','44','133','SOLD','5');
Insert into SYSTEM.BILL_DETAILS (ID,ID_BILLS,ID_VEHICLE,ID_ACCESORIES,VEHICLE_STATUS,QTY_ACCESORIES) values ('32','193','48','187','TRADE','3');
Insert into SYSTEM.BILL_DETAILS (ID,ID_BILLS,ID_VEHICLE,ID_ACCESORIES,VEHICLE_STATUS,QTY_ACCESORIES) values ('33','108','94','155','SOLD','2');
Insert into SYSTEM.BILL_DETAILS (ID,ID_BILLS,ID_VEHICLE,ID_ACCESORIES,VEHICLE_STATUS,QTY_ACCESORIES) values ('34','108','55','122','SOLD','1');
Insert into SYSTEM.BILL_DETAILS (ID,ID_BILLS,ID_VEHICLE,ID_ACCESORIES,VEHICLE_STATUS,QTY_ACCESORIES) values ('36','121','83','131','SOLD','4');
Insert into SYSTEM.BILL_DETAILS (ID,ID_BILLS,ID_VEHICLE,ID_ACCESORIES,VEHICLE_STATUS,QTY_ACCESORIES) values ('37','188','77','171','SOLD','1');
Insert into SYSTEM.BILL_DETAILS (ID,ID_BILLS,ID_VEHICLE,ID_ACCESORIES,VEHICLE_STATUS,QTY_ACCESORIES) values ('38','165','44','168','TRADE','4');
Insert into SYSTEM.BILL_DETAILS (ID,ID_BILLS,ID_VEHICLE,ID_ACCESORIES,VEHICLE_STATUS,QTY_ACCESORIES) values ('40','132','50','121','TRADE','3');
Insert into SYSTEM.BILL_DETAILS (ID,ID_BILLS,ID_VEHICLE,ID_ACCESORIES,VEHICLE_STATUS,QTY_ACCESORIES) values ('41','137','64','100','TRADE','5');
Insert into SYSTEM.BILL_DETAILS (ID,ID_BILLS,ID_VEHICLE,ID_ACCESORIES,VEHICLE_STATUS,QTY_ACCESORIES) values ('42','139','59','117','TRADE','4');
Insert into SYSTEM.BILL_DETAILS (ID,ID_BILLS,ID_VEHICLE,ID_ACCESORIES,VEHICLE_STATUS,QTY_ACCESORIES) values ('44','138','56','146','TRADE','5');
Insert into SYSTEM.BILL_DETAILS (ID,ID_BILLS,ID_VEHICLE,ID_ACCESORIES,VEHICLE_STATUS,QTY_ACCESORIES) values ('46','148','52','126','TRADE','1');
Insert into SYSTEM.BILL_DETAILS (ID,ID_BILLS,ID_VEHICLE,ID_ACCESORIES,VEHICLE_STATUS,QTY_ACCESORIES) values ('48','169','38','147','SOLD','5');
Insert into SYSTEM.BILL_DETAILS (ID,ID_BILLS,ID_VEHICLE,ID_ACCESORIES,VEHICLE_STATUS,QTY_ACCESORIES) values ('49','147','76','138','TRADE','2');
Insert into SYSTEM.BILL_DETAILS (ID,ID_BILLS,ID_VEHICLE,ID_ACCESORIES,VEHICLE_STATUS,QTY_ACCESORIES) values ('51','174','76','114','SOLD','5');
Insert into SYSTEM.BILL_DETAILS (ID,ID_BILLS,ID_VEHICLE,ID_ACCESORIES,VEHICLE_STATUS,QTY_ACCESORIES) values ('53','193','36','121','TRADE','2');
Insert into SYSTEM.BILL_DETAILS (ID,ID_BILLS,ID_VEHICLE,ID_ACCESORIES,VEHICLE_STATUS,QTY_ACCESORIES) values ('54','142','71','109','SOLD','4');
Insert into SYSTEM.BILL_DETAILS (ID,ID_BILLS,ID_VEHICLE,ID_ACCESORIES,VEHICLE_STATUS,QTY_ACCESORIES) values ('55','136','61','119','TRADE','1');
Insert into SYSTEM.BILL_DETAILS (ID,ID_BILLS,ID_VEHICLE,ID_ACCESORIES,VEHICLE_STATUS,QTY_ACCESORIES) values ('56','105','58','141','SOLD','1');
Insert into SYSTEM.BILL_DETAILS (ID,ID_BILLS,ID_VEHICLE,ID_ACCESORIES,VEHICLE_STATUS,QTY_ACCESORIES) values ('57','169','43','139','TRADE','3');
Insert into SYSTEM.BILL_DETAILS (ID,ID_BILLS,ID_VEHICLE,ID_ACCESORIES,VEHICLE_STATUS,QTY_ACCESORIES) values ('58','156','69','127','SOLD','4');
Insert into SYSTEM.BILL_DETAILS (ID,ID_BILLS,ID_VEHICLE,ID_ACCESORIES,VEHICLE_STATUS,QTY_ACCESORIES) values ('59','143','70','183','TRADE','2');
Insert into SYSTEM.BILL_DETAILS (ID,ID_BILLS,ID_VEHICLE,ID_ACCESORIES,VEHICLE_STATUS,QTY_ACCESORIES) values ('62','102','53','105','SOLD','3');
Insert into SYSTEM.BILL_DETAILS (ID,ID_BILLS,ID_VEHICLE,ID_ACCESORIES,VEHICLE_STATUS,QTY_ACCESORIES) values ('67','147','82','120','SOLD','5');
Insert into SYSTEM.BILL_DETAILS (ID,ID_BILLS,ID_VEHICLE,ID_ACCESORIES,VEHICLE_STATUS,QTY_ACCESORIES) values ('68','166','88','138','SOLD','5');
Insert into SYSTEM.BILL_DETAILS (ID,ID_BILLS,ID_VEHICLE,ID_ACCESORIES,VEHICLE_STATUS,QTY_ACCESORIES) values ('70','145','42','131','TRADE','4');
Insert into SYSTEM.BILL_DETAILS (ID,ID_BILLS,ID_VEHICLE,ID_ACCESORIES,VEHICLE_STATUS,QTY_ACCESORIES) values ('72','176','66','198','TRADE','1');
Insert into SYSTEM.BILL_DETAILS (ID,ID_BILLS,ID_VEHICLE,ID_ACCESORIES,VEHICLE_STATUS,QTY_ACCESORIES) values ('73','198','60','101','TRADE','2');
Insert into SYSTEM.BILL_DETAILS (ID,ID_BILLS,ID_VEHICLE,ID_ACCESORIES,VEHICLE_STATUS,QTY_ACCESORIES) values ('74','110','62','155','TRADE','3');
Insert into SYSTEM.BILL_DETAILS (ID,ID_BILLS,ID_VEHICLE,ID_ACCESORIES,VEHICLE_STATUS,QTY_ACCESORIES) values ('76','162','98','147','SOLD','2');
Insert into SYSTEM.BILL_DETAILS (ID,ID_BILLS,ID_VEHICLE,ID_ACCESORIES,VEHICLE_STATUS,QTY_ACCESORIES) values ('78','139','65','186','SOLD','1');
Insert into SYSTEM.BILL_DETAILS (ID,ID_BILLS,ID_VEHICLE,ID_ACCESORIES,VEHICLE_STATUS,QTY_ACCESORIES) values ('79','114','47','123','TRADE','2');
Insert into SYSTEM.BILL_DETAILS (ID,ID_BILLS,ID_VEHICLE,ID_ACCESORIES,VEHICLE_STATUS,QTY_ACCESORIES) values ('81','129','55','161','TRADE','5');
Insert into SYSTEM.BILL_DETAILS (ID,ID_BILLS,ID_VEHICLE,ID_ACCESORIES,VEHICLE_STATUS,QTY_ACCESORIES) values ('82','195','39','166','TRADE','5');
Insert into SYSTEM.BILL_DETAILS (ID,ID_BILLS,ID_VEHICLE,ID_ACCESORIES,VEHICLE_STATUS,QTY_ACCESORIES) values ('83','103','76','105','TRADE','5');
Insert into SYSTEM.BILL_DETAILS (ID,ID_BILLS,ID_VEHICLE,ID_ACCESORIES,VEHICLE_STATUS,QTY_ACCESORIES) values ('84','197','40','139','TRADE','3');
Insert into SYSTEM.BILL_DETAILS (ID,ID_BILLS,ID_VEHICLE,ID_ACCESORIES,VEHICLE_STATUS,QTY_ACCESORIES) values ('86','115','67','182','TRADE','4');
Insert into SYSTEM.BILL_DETAILS (ID,ID_BILLS,ID_VEHICLE,ID_ACCESORIES,VEHICLE_STATUS,QTY_ACCESORIES) values ('87','192','53','187','TRADE','5');
Insert into SYSTEM.BILL_DETAILS (ID,ID_BILLS,ID_VEHICLE,ID_ACCESORIES,VEHICLE_STATUS,QTY_ACCESORIES) values ('88','199','65','126','TRADE','4');
Insert into SYSTEM.BILL_DETAILS (ID,ID_BILLS,ID_VEHICLE,ID_ACCESORIES,VEHICLE_STATUS,QTY_ACCESORIES) values ('90','199','79','120','SOLD','2');
Insert into SYSTEM.BILL_DETAILS (ID,ID_BILLS,ID_VEHICLE,ID_ACCESORIES,VEHICLE_STATUS,QTY_ACCESORIES) values ('91','107','69','199','TRADE','2');
Insert into SYSTEM.BILL_DETAILS (ID,ID_BILLS,ID_VEHICLE,ID_ACCESORIES,VEHICLE_STATUS,QTY_ACCESORIES) values ('92','184','58','132','TRADE','1');
Insert into SYSTEM.BILL_DETAILS (ID,ID_BILLS,ID_VEHICLE,ID_ACCESORIES,VEHICLE_STATUS,QTY_ACCESORIES) values ('93','135','79','105','TRADE','4');
Insert into SYSTEM.BILL_DETAILS (ID,ID_BILLS,ID_VEHICLE,ID_ACCESORIES,VEHICLE_STATUS,QTY_ACCESORIES) values ('95','105','63','135','SOLD','2');
Insert into SYSTEM.BILL_DETAILS (ID,ID_BILLS,ID_VEHICLE,ID_ACCESORIES,VEHICLE_STATUS,QTY_ACCESORIES) values ('97','104','38','100','TRADE','2');
Insert into SYSTEM.BILL_DETAILS (ID,ID_BILLS,ID_VEHICLE,ID_ACCESORIES,VEHICLE_STATUS,QTY_ACCESORIES) values ('98','100','72','173','TRADE','1');
Insert into SYSTEM.BILL_DETAILS (ID,ID_BILLS,ID_VEHICLE,ID_ACCESORIES,VEHICLE_STATUS,QTY_ACCESORIES) values ('99','102','97','112','SOLD','3');
Insert into SYSTEM.BILL_DETAILS (ID,ID_BILLS,ID_VEHICLE,ID_ACCESORIES,VEHICLE_STATUS,QTY_ACCESORIES) values ('100','121','91','194','SOLD','3');
Insert into SYSTEM.BILL_DETAILS (ID,ID_BILLS,ID_VEHICLE,ID_ACCESORIES,VEHICLE_STATUS,QTY_ACCESORIES) values ('101','199','80','126','SOLD','3');
REM INSERTING into SYSTEM.BILLS
SET DEFINE OFF;
Insert into SYSTEM.BILLS (ID,DATEOFBILL,TOTALCOST,TAX_COST,TAX_VALUE,PURCHASE_TYPE,LICENSE,ID_CUSTOMERS,ID_SALES_PERSON) values ('100',to_date('30/08/18','DD/MM/RR'),'2000','60','138','Tashya Carrillo','24423700-2','10040','9001');
Insert into SYSTEM.BILLS (ID,DATEOFBILL,TOTALCOST,TAX_COST,TAX_VALUE,PURCHASE_TYPE,LICENSE,ID_CUSTOMERS,ID_SALES_PERSON) values ('101',to_date('08/08/18','DD/MM/RR'),'2001','52','72','Ian W. Macias','41561020-3','10028','9057');
Insert into SYSTEM.BILLS (ID,DATEOFBILL,TOTALCOST,TAX_COST,TAX_VALUE,PURCHASE_TYPE,LICENSE,ID_CUSTOMERS,ID_SALES_PERSON) values ('102',to_date('19/10/13','DD/MM/RR'),'2002','62','47','Rajah Solomon','24880488-2','10056','9006');
Insert into SYSTEM.BILLS (ID,DATEOFBILL,TOTALCOST,TAX_COST,TAX_VALUE,PURCHASE_TYPE,LICENSE,ID_CUSTOMERS,ID_SALES_PERSON) values ('103',to_date('21/07/17','DD/MM/RR'),'2003','73','59','Eve Ashley','23917539-2','10056','9069');
Insert into SYSTEM.BILLS (ID,DATEOFBILL,TOTALCOST,TAX_COST,TAX_VALUE,PURCHASE_TYPE,LICENSE,ID_CUSTOMERS,ID_SALES_PERSON) values ('104',to_date('21/11/16','DD/MM/RR'),'2004','71','103','Jorden H. Witt','37155188-3','10034','9009');
Insert into SYSTEM.BILLS (ID,DATEOFBILL,TOTALCOST,TAX_COST,TAX_VALUE,PURCHASE_TYPE,LICENSE,ID_CUSTOMERS,ID_SALES_PERSON) values ('105',to_date('25/05/17','DD/MM/RR'),'2005','54','98','Savannah N. Duran','26830747-8','10018','9079');
Insert into SYSTEM.BILLS (ID,DATEOFBILL,TOTALCOST,TAX_COST,TAX_VALUE,PURCHASE_TYPE,LICENSE,ID_CUSTOMERS,ID_SALES_PERSON) values ('106',to_date('07/10/18','DD/MM/RR'),'2006','72','50','Basil Russell','13725124-8','10023','9001');
Insert into SYSTEM.BILLS (ID,DATEOFBILL,TOTALCOST,TAX_COST,TAX_VALUE,PURCHASE_TYPE,LICENSE,ID_CUSTOMERS,ID_SALES_PERSON) values ('107',to_date('12/12/17','DD/MM/RR'),'2007','87','106','Mercedes House','27036981-2','10079','9048');
Insert into SYSTEM.BILLS (ID,DATEOFBILL,TOTALCOST,TAX_COST,TAX_VALUE,PURCHASE_TYPE,LICENSE,ID_CUSTOMERS,ID_SALES_PERSON) values ('108',to_date('06/01/18','DD/MM/RR'),'2008','58','82','Shafira Z. Boone','21468436-5','10068','9009');
Insert into SYSTEM.BILLS (ID,DATEOFBILL,TOTALCOST,TAX_COST,TAX_VALUE,PURCHASE_TYPE,LICENSE,ID_CUSTOMERS,ID_SALES_PERSON) values ('109',to_date('28/07/18','DD/MM/RR'),'2009','44','67','Sawyer J. Coleman','5059552-8','10005','9015');
Insert into SYSTEM.BILLS (ID,DATEOFBILL,TOTALCOST,TAX_COST,TAX_VALUE,PURCHASE_TYPE,LICENSE,ID_CUSTOMERS,ID_SALES_PERSON) values ('110',to_date('28/11/17','DD/MM/RR'),'2010','34','88','Imelda Russo','46351886-6','10007','9076');
Insert into SYSTEM.BILLS (ID,DATEOFBILL,TOTALCOST,TAX_COST,TAX_VALUE,PURCHASE_TYPE,LICENSE,ID_CUSTOMERS,ID_SALES_PERSON) values ('113',to_date('31/03/17','DD/MM/RR'),'2013','88','58','Ruth Roberts','20567071-8','10067','9081');
Insert into SYSTEM.BILLS (ID,DATEOFBILL,TOTALCOST,TAX_COST,TAX_VALUE,PURCHASE_TYPE,LICENSE,ID_CUSTOMERS,ID_SALES_PERSON) values ('114',to_date('18/02/18','DD/MM/RR'),'2014','58','105','Ali Fulton','19100686-0','10002','9089');
Insert into SYSTEM.BILLS (ID,DATEOFBILL,TOTALCOST,TAX_COST,TAX_VALUE,PURCHASE_TYPE,LICENSE,ID_CUSTOMERS,ID_SALES_PERSON) values ('115',to_date('26/01/17','DD/MM/RR'),'2015','88','68','Jaden S. Joseph','41965695-K','10027','9028');
Insert into SYSTEM.BILLS (ID,DATEOFBILL,TOTALCOST,TAX_COST,TAX_VALUE,PURCHASE_TYPE,LICENSE,ID_CUSTOMERS,ID_SALES_PERSON) values ('116',to_date('09/12/16','DD/MM/RR'),'2016','47','150','Constance L. Richardson','11494025-9','10035','9021');
Insert into SYSTEM.BILLS (ID,DATEOFBILL,TOTALCOST,TAX_COST,TAX_VALUE,PURCHASE_TYPE,LICENSE,ID_CUSTOMERS,ID_SALES_PERSON) values ('117',to_date('06/11/17','DD/MM/RR'),'2017','68','41','Erich Moon','24637315-9','10044','9080');
Insert into SYSTEM.BILLS (ID,DATEOFBILL,TOTALCOST,TAX_COST,TAX_VALUE,PURCHASE_TYPE,LICENSE,ID_CUSTOMERS,ID_SALES_PERSON) values ('118',to_date('31/01/18','DD/MM/RR'),'2018','68','57','Wanda Christian','34826596-2','10095','9087');
Insert into SYSTEM.BILLS (ID,DATEOFBILL,TOTALCOST,TAX_COST,TAX_VALUE,PURCHASE_TYPE,LICENSE,ID_CUSTOMERS,ID_SALES_PERSON) values ('119',to_date('15/05/17','DD/MM/RR'),'2019','42','94','Amir N. Nunez','9077309-7','10072','9073');
Insert into SYSTEM.BILLS (ID,DATEOFBILL,TOTALCOST,TAX_COST,TAX_VALUE,PURCHASE_TYPE,LICENSE,ID_CUSTOMERS,ID_SALES_PERSON) values ('120',to_date('02/03/18','DD/MM/RR'),'2020','23','139','Candice Blankenship','5849873-4','10049','9021');
Insert into SYSTEM.BILLS (ID,DATEOFBILL,TOTALCOST,TAX_COST,TAX_VALUE,PURCHASE_TYPE,LICENSE,ID_CUSTOMERS,ID_SALES_PERSON) values ('121',to_date('25/09/18','DD/MM/RR'),'2021','48','130','Bree H. Orr','6407431-8','10090','9051');
Insert into SYSTEM.BILLS (ID,DATEOFBILL,TOTALCOST,TAX_COST,TAX_VALUE,PURCHASE_TYPE,LICENSE,ID_CUSTOMERS,ID_SALES_PERSON) values ('122',to_date('21/12/17','DD/MM/RR'),'2022','80','115','April Fulton','21856653-7','10081','9046');
Insert into SYSTEM.BILLS (ID,DATEOFBILL,TOTALCOST,TAX_COST,TAX_VALUE,PURCHASE_TYPE,LICENSE,ID_CUSTOMERS,ID_SALES_PERSON) values ('123',to_date('22/10/18','DD/MM/RR'),'2023','32','102','Zoe Barrera','17989325-8','10076','9073');
Insert into SYSTEM.BILLS (ID,DATEOFBILL,TOTALCOST,TAX_COST,TAX_VALUE,PURCHASE_TYPE,LICENSE,ID_CUSTOMERS,ID_SALES_PERSON) values ('124',to_date('31/07/17','DD/MM/RR'),'2024','70','61','Chaim Sears','20269153-6','10067','9014');
Insert into SYSTEM.BILLS (ID,DATEOFBILL,TOTALCOST,TAX_COST,TAX_VALUE,PURCHASE_TYPE,LICENSE,ID_CUSTOMERS,ID_SALES_PERSON) values ('125',to_date('30/04/17','DD/MM/RR'),'2025','65','130','Leila Watts','8251194-6','10037','9084');
Insert into SYSTEM.BILLS (ID,DATEOFBILL,TOTALCOST,TAX_COST,TAX_VALUE,PURCHASE_TYPE,LICENSE,ID_CUSTOMERS,ID_SALES_PERSON) values ('126',to_date('18/09/18','DD/MM/RR'),'2026','48','116','Kermit Z. Shaw','43879556-1','10029','9066');
Insert into SYSTEM.BILLS (ID,DATEOFBILL,TOTALCOST,TAX_COST,TAX_VALUE,PURCHASE_TYPE,LICENSE,ID_CUSTOMERS,ID_SALES_PERSON) values ('127',to_date('16/09/18','DD/MM/RR'),'2027','75','125','Lacey M. Poole','24675368-7','10012','9073');
Insert into SYSTEM.BILLS (ID,DATEOFBILL,TOTALCOST,TAX_COST,TAX_VALUE,PURCHASE_TYPE,LICENSE,ID_CUSTOMERS,ID_SALES_PERSON) values ('128',to_date('05/12/16','DD/MM/RR'),'2028','21','64','Kyle Y. Lowery','46938949-9','10049','9004');
Insert into SYSTEM.BILLS (ID,DATEOFBILL,TOTALCOST,TAX_COST,TAX_VALUE,PURCHASE_TYPE,LICENSE,ID_CUSTOMERS,ID_SALES_PERSON) values ('129',to_date('28/04/17','DD/MM/RR'),'2029','83','120','Cora Z. Guthrie','18627575-6','10050','9035');
Insert into SYSTEM.BILLS (ID,DATEOFBILL,TOTALCOST,TAX_COST,TAX_VALUE,PURCHASE_TYPE,LICENSE,ID_CUSTOMERS,ID_SALES_PERSON) values ('130',to_date('29/05/17','DD/MM/RR'),'2030','43','133','Rudyard F. Francis','21703395-0','10046','9087');
Insert into SYSTEM.BILLS (ID,DATEOFBILL,TOTALCOST,TAX_COST,TAX_VALUE,PURCHASE_TYPE,LICENSE,ID_CUSTOMERS,ID_SALES_PERSON) values ('131',to_date('01/05/18','DD/MM/RR'),'2031','62','41','Aaron P. Fernandez','33765169-0','10000','9089');
Insert into SYSTEM.BILLS (ID,DATEOFBILL,TOTALCOST,TAX_COST,TAX_VALUE,PURCHASE_TYPE,LICENSE,ID_CUSTOMERS,ID_SALES_PERSON) values ('132',to_date('15/08/17','DD/MM/RR'),'2032','36','83','Caleb Z. French','38699727-6','10086','9012');
Insert into SYSTEM.BILLS (ID,DATEOFBILL,TOTALCOST,TAX_COST,TAX_VALUE,PURCHASE_TYPE,LICENSE,ID_CUSTOMERS,ID_SALES_PERSON) values ('133',to_date('15/08/17','DD/MM/RR'),'2033','35','126','Brody Wilkerson','21650662-6','10077','9058');
Insert into SYSTEM.BILLS (ID,DATEOFBILL,TOTALCOST,TAX_COST,TAX_VALUE,PURCHASE_TYPE,LICENSE,ID_CUSTOMERS,ID_SALES_PERSON) values ('134',to_date('04/04/17','DD/MM/RR'),'2034','47','140','Catherine Calderon','25609773-7','10046','9042');
Insert into SYSTEM.BILLS (ID,DATEOFBILL,TOTALCOST,TAX_COST,TAX_VALUE,PURCHASE_TYPE,LICENSE,ID_CUSTOMERS,ID_SALES_PERSON) values ('135',to_date('30/01/18','DD/MM/RR'),'2035','65','144','Wang Ray','30543472-8','10093','9065');
Insert into SYSTEM.BILLS (ID,DATEOFBILL,TOTALCOST,TAX_COST,TAX_VALUE,PURCHASE_TYPE,LICENSE,ID_CUSTOMERS,ID_SALES_PERSON) values ('136',to_date('04/04/18','DD/MM/RR'),'2036','45','126','Devin Harris','8262396-5','10050','9002');
Insert into SYSTEM.BILLS (ID,DATEOFBILL,TOTALCOST,TAX_COST,TAX_VALUE,PURCHASE_TYPE,LICENSE,ID_CUSTOMERS,ID_SALES_PERSON) values ('137',to_date('13/09/17','DD/MM/RR'),'2037','24','116','Stephanie Osborne','23701438-3','10091','9037');
Insert into SYSTEM.BILLS (ID,DATEOFBILL,TOTALCOST,TAX_COST,TAX_VALUE,PURCHASE_TYPE,LICENSE,ID_CUSTOMERS,ID_SALES_PERSON) values ('138',to_date('03/04/18','DD/MM/RR'),'2038','91','60','Whilemina Leblanc','33837959-5','10042','9083');
Insert into SYSTEM.BILLS (ID,DATEOFBILL,TOTALCOST,TAX_COST,TAX_VALUE,PURCHASE_TYPE,LICENSE,ID_CUSTOMERS,ID_SALES_PERSON) values ('139',to_date('06/04/05','DD/MM/RR'),'2039','71','123','Xanthus Vaughan','41494501-5','10032','9010');
Insert into SYSTEM.BILLS (ID,DATEOFBILL,TOTALCOST,TAX_COST,TAX_VALUE,PURCHASE_TYPE,LICENSE,ID_CUSTOMERS,ID_SALES_PERSON) values ('140',to_date('30/09/17','DD/MM/RR'),'2040','29','94','Constance Floyd','12069375-1','10091','9015');
Insert into SYSTEM.BILLS (ID,DATEOFBILL,TOTALCOST,TAX_COST,TAX_VALUE,PURCHASE_TYPE,LICENSE,ID_CUSTOMERS,ID_SALES_PERSON) values ('141',to_date('02/01/02','DD/MM/RR'),'2041','73','86','Genevieve Todd','45890185-6','10037','9051');
Insert into SYSTEM.BILLS (ID,DATEOFBILL,TOTALCOST,TAX_COST,TAX_VALUE,PURCHASE_TYPE,LICENSE,ID_CUSTOMERS,ID_SALES_PERSON) values ('142',to_date('29/09/18','DD/MM/RR'),'2042','34','57','Wesley Oneill','16666514-0','10030','9006');
Insert into SYSTEM.BILLS (ID,DATEOFBILL,TOTALCOST,TAX_COST,TAX_VALUE,PURCHASE_TYPE,LICENSE,ID_CUSTOMERS,ID_SALES_PERSON) values ('143',to_date('27/03/17','DD/MM/RR'),'2043','81','139','Ariel Crosby','8822313-6','10043','9019');
Insert into SYSTEM.BILLS (ID,DATEOFBILL,TOTALCOST,TAX_COST,TAX_VALUE,PURCHASE_TYPE,LICENSE,ID_CUSTOMERS,ID_SALES_PERSON) values ('144',to_date('07/10/17','DD/MM/RR'),'2044','24','101','Teagan Horton','6135062-4','10097','9016');
Insert into SYSTEM.BILLS (ID,DATEOFBILL,TOTALCOST,TAX_COST,TAX_VALUE,PURCHASE_TYPE,LICENSE,ID_CUSTOMERS,ID_SALES_PERSON) values ('145',to_date('30/12/17','DD/MM/RR'),'2045','51','96','Kai F. Smith','45060502-6','10013','9093');
Insert into SYSTEM.BILLS (ID,DATEOFBILL,TOTALCOST,TAX_COST,TAX_VALUE,PURCHASE_TYPE,LICENSE,ID_CUSTOMERS,ID_SALES_PERSON) values ('146',to_date('15/05/18','DD/MM/RR'),'2046','41','109','Kelly Wilcox','36904343-9','10093','9085');
Insert into SYSTEM.BILLS (ID,DATEOFBILL,TOTALCOST,TAX_COST,TAX_VALUE,PURCHASE_TYPE,LICENSE,ID_CUSTOMERS,ID_SALES_PERSON) values ('147',to_date('11/03/05','DD/MM/RR'),'2047','80','149','Charity Rhodes','15343020-9','10027','9070');
Insert into SYSTEM.BILLS (ID,DATEOFBILL,TOTALCOST,TAX_COST,TAX_VALUE,PURCHASE_TYPE,LICENSE,ID_CUSTOMERS,ID_SALES_PERSON) values ('148',to_date('13/07/17','DD/MM/RR'),'2048','79','63','Paul Patton','27186507-4','10039','9090');
Insert into SYSTEM.BILLS (ID,DATEOFBILL,TOTALCOST,TAX_COST,TAX_VALUE,PURCHASE_TYPE,LICENSE,ID_CUSTOMERS,ID_SALES_PERSON) values ('149',to_date('06/12/16','DD/MM/RR'),'2049','27','106','Xander Neal','28841872-1','10078','9070');
Insert into SYSTEM.BILLS (ID,DATEOFBILL,TOTALCOST,TAX_COST,TAX_VALUE,PURCHASE_TYPE,LICENSE,ID_CUSTOMERS,ID_SALES_PERSON) values ('150',to_date('05/07/17','DD/MM/RR'),'2050','23','97','Wilma Key','38165788-4','10006','9045');
Insert into SYSTEM.BILLS (ID,DATEOFBILL,TOTALCOST,TAX_COST,TAX_VALUE,PURCHASE_TYPE,LICENSE,ID_CUSTOMERS,ID_SALES_PERSON) values ('151',to_date('25/02/18','DD/MM/RR'),'2051','48','82','Celeste Santana','8722949-1','10073','9054');
Insert into SYSTEM.BILLS (ID,DATEOFBILL,TOTALCOST,TAX_COST,TAX_VALUE,PURCHASE_TYPE,LICENSE,ID_CUSTOMERS,ID_SALES_PERSON) values ('152',to_date('01/02/18','DD/MM/RR'),'2052','76','126','Devin B. Huff','45292030-1','10045','9007');
Insert into SYSTEM.BILLS (ID,DATEOFBILL,TOTALCOST,TAX_COST,TAX_VALUE,PURCHASE_TYPE,LICENSE,ID_CUSTOMERS,ID_SALES_PERSON) values ('153',to_date('18/02/18','DD/MM/RR'),'2053','86','115','Plato Alvarez','36290850-7','10065','9089');
Insert into SYSTEM.BILLS (ID,DATEOFBILL,TOTALCOST,TAX_COST,TAX_VALUE,PURCHASE_TYPE,LICENSE,ID_CUSTOMERS,ID_SALES_PERSON) values ('154',to_date('11/10/18','DD/MM/RR'),'2054','69','80','Audra Jones','20357332-4','10084','9068');
Insert into SYSTEM.BILLS (ID,DATEOFBILL,TOTALCOST,TAX_COST,TAX_VALUE,PURCHASE_TYPE,LICENSE,ID_CUSTOMERS,ID_SALES_PERSON) values ('155',to_date('19/12/17','DD/MM/RR'),'2055','41','140','Pandora F. Giles','35691618-2','10085','9041');
Insert into SYSTEM.BILLS (ID,DATEOFBILL,TOTALCOST,TAX_COST,TAX_VALUE,PURCHASE_TYPE,LICENSE,ID_CUSTOMERS,ID_SALES_PERSON) values ('156',to_date('05/11/17','DD/MM/RR'),'2056','41','90','Xander Rivera','24541016-6','10039','9069');
Insert into SYSTEM.BILLS (ID,DATEOFBILL,TOTALCOST,TAX_COST,TAX_VALUE,PURCHASE_TYPE,LICENSE,ID_CUSTOMERS,ID_SALES_PERSON) values ('157',to_date('10/04/17','DD/MM/RR'),'2057','86','114','Isabelle S. Padilla','17756783-3','10030','9085');
Insert into SYSTEM.BILLS (ID,DATEOFBILL,TOTALCOST,TAX_COST,TAX_VALUE,PURCHASE_TYPE,LICENSE,ID_CUSTOMERS,ID_SALES_PERSON) values ('158',to_date('23/07/18','DD/MM/RR'),'2058','46','82','Yolanda Harper','39709672-6','10025','9052');
Insert into SYSTEM.BILLS (ID,DATEOFBILL,TOTALCOST,TAX_COST,TAX_VALUE,PURCHASE_TYPE,LICENSE,ID_CUSTOMERS,ID_SALES_PERSON) values ('159',to_date('25/04/17','DD/MM/RR'),'2059','22','108','Darrel Q. Roy','35902375-8','10092','9040');
Insert into SYSTEM.BILLS (ID,DATEOFBILL,TOTALCOST,TAX_COST,TAX_VALUE,PURCHASE_TYPE,LICENSE,ID_CUSTOMERS,ID_SALES_PERSON) values ('160',to_date('29/09/14','DD/MM/RR'),'2060','97','63','Laith Robles','32734000-K','10078','9004');
Insert into SYSTEM.BILLS (ID,DATEOFBILL,TOTALCOST,TAX_COST,TAX_VALUE,PURCHASE_TYPE,LICENSE,ID_CUSTOMERS,ID_SALES_PERSON) values ('161',to_date('21/01/18','DD/MM/RR'),'2061','64','142','Edward A. Osborn','47975543-4','10065','9065');
Insert into SYSTEM.BILLS (ID,DATEOFBILL,TOTALCOST,TAX_COST,TAX_VALUE,PURCHASE_TYPE,LICENSE,ID_CUSTOMERS,ID_SALES_PERSON) values ('162',to_date('08/03/17','DD/MM/RR'),'2062','63','59','Tyrone Bowen','34429762-2','10057','9098');
Insert into SYSTEM.BILLS (ID,DATEOFBILL,TOTALCOST,TAX_COST,TAX_VALUE,PURCHASE_TYPE,LICENSE,ID_CUSTOMERS,ID_SALES_PERSON) values ('163',to_date('25/05/18','DD/MM/RR'),'2063','71','43','Angelica L. Page','47642785-1','10024','9051');
Insert into SYSTEM.BILLS (ID,DATEOFBILL,TOTALCOST,TAX_COST,TAX_VALUE,PURCHASE_TYPE,LICENSE,ID_CUSTOMERS,ID_SALES_PERSON) values ('164',to_date('02/09/18','DD/MM/RR'),'2064','29','88','Brittany Weaver','25588087-K','10050','9002');
Insert into SYSTEM.BILLS (ID,DATEOFBILL,TOTALCOST,TAX_COST,TAX_VALUE,PURCHASE_TYPE,LICENSE,ID_CUSTOMERS,ID_SALES_PERSON) values ('165',to_date('26/11/16','DD/MM/RR'),'2065','59','149','Heather I. Contreras','9370255-7','10056','9073');
Insert into SYSTEM.BILLS (ID,DATEOFBILL,TOTALCOST,TAX_COST,TAX_VALUE,PURCHASE_TYPE,LICENSE,ID_CUSTOMERS,ID_SALES_PERSON) values ('166',to_date('17/07/17','DD/MM/RR'),'2066','77','62','Juliet N. Becker','10111636-0','10095','9084');
Insert into SYSTEM.BILLS (ID,DATEOFBILL,TOTALCOST,TAX_COST,TAX_VALUE,PURCHASE_TYPE,LICENSE,ID_CUSTOMERS,ID_SALES_PERSON) values ('167',to_date('26/01/18','DD/MM/RR'),'2067','79','140','Ori Hampton','21562480-3','10023','9028');
Insert into SYSTEM.BILLS (ID,DATEOFBILL,TOTALCOST,TAX_COST,TAX_VALUE,PURCHASE_TYPE,LICENSE,ID_CUSTOMERS,ID_SALES_PERSON) values ('168',to_date('11/07/18','DD/MM/RR'),'2068','34','107','Nadine Sloan','40478078-6','10025','9013');
Insert into SYSTEM.BILLS (ID,DATEOFBILL,TOTALCOST,TAX_COST,TAX_VALUE,PURCHASE_TYPE,LICENSE,ID_CUSTOMERS,ID_SALES_PERSON) values ('169',to_date('23/12/11','DD/MM/RR'),'2069','85','97','Constance T. Booker','30957825-2','10046','9056');
Insert into SYSTEM.BILLS (ID,DATEOFBILL,TOTALCOST,TAX_COST,TAX_VALUE,PURCHASE_TYPE,LICENSE,ID_CUSTOMERS,ID_SALES_PERSON) values ('170',to_date('20/01/17','DD/MM/RR'),'2070','48','90','Lucian N. Olsen','20943086-K','10039','9017');
Insert into SYSTEM.BILLS (ID,DATEOFBILL,TOTALCOST,TAX_COST,TAX_VALUE,PURCHASE_TYPE,LICENSE,ID_CUSTOMERS,ID_SALES_PERSON) values ('171',to_date('04/12/09','DD/MM/RR'),'2071','21','69','Paula Winters','19754387-6','10029','9086');
Insert into SYSTEM.BILLS (ID,DATEOFBILL,TOTALCOST,TAX_COST,TAX_VALUE,PURCHASE_TYPE,LICENSE,ID_CUSTOMERS,ID_SALES_PERSON) values ('172',to_date('28/01/17','DD/MM/RR'),'2072','95','129','Minerva Sullivan','45109617-6','10059','9022');
Insert into SYSTEM.BILLS (ID,DATEOFBILL,TOTALCOST,TAX_COST,TAX_VALUE,PURCHASE_TYPE,LICENSE,ID_CUSTOMERS,ID_SALES_PERSON) values ('173',to_date('25/07/18','DD/MM/RR'),'2073','86','58','Luke P. Barr','5434187-3','10022','9077');
Insert into SYSTEM.BILLS (ID,DATEOFBILL,TOTALCOST,TAX_COST,TAX_VALUE,PURCHASE_TYPE,LICENSE,ID_CUSTOMERS,ID_SALES_PERSON) values ('174',to_date('17/07/10','DD/MM/RR'),'2074','22','134','Amos Y. Miles','35517288-0','10019','9057');
Insert into SYSTEM.BILLS (ID,DATEOFBILL,TOTALCOST,TAX_COST,TAX_VALUE,PURCHASE_TYPE,LICENSE,ID_CUSTOMERS,ID_SALES_PERSON) values ('175',to_date('23/07/18','DD/MM/RR'),'2075','35','74','Griffin G. Richmond','17790689-1','10030','9090');
Insert into SYSTEM.BILLS (ID,DATEOFBILL,TOTALCOST,TAX_COST,TAX_VALUE,PURCHASE_TYPE,LICENSE,ID_CUSTOMERS,ID_SALES_PERSON) values ('176',to_date('09/09/17','DD/MM/RR'),'2076','38','74','Marsden F. Harris','34745684-5','10006','9014');
Insert into SYSTEM.BILLS (ID,DATEOFBILL,TOTALCOST,TAX_COST,TAX_VALUE,PURCHASE_TYPE,LICENSE,ID_CUSTOMERS,ID_SALES_PERSON) values ('177',to_date('11/02/18','DD/MM/RR'),'2077','61','81','Unity Wolf','35636825-8','10015','9043');
Insert into SYSTEM.BILLS (ID,DATEOFBILL,TOTALCOST,TAX_COST,TAX_VALUE,PURCHASE_TYPE,LICENSE,ID_CUSTOMERS,ID_SALES_PERSON) values ('178',to_date('18/07/17','DD/MM/RR'),'2078','20','100','Chester T. Aguilar','16144069-8','10057','9086');
Insert into SYSTEM.BILLS (ID,DATEOFBILL,TOTALCOST,TAX_COST,TAX_VALUE,PURCHASE_TYPE,LICENSE,ID_CUSTOMERS,ID_SALES_PERSON) values ('179',to_date('10/01/17','DD/MM/RR'),'2079','51','84','Elvis Carson','18614293-4','10016','9017');
Insert into SYSTEM.BILLS (ID,DATEOFBILL,TOTALCOST,TAX_COST,TAX_VALUE,PURCHASE_TYPE,LICENSE,ID_CUSTOMERS,ID_SALES_PERSON) values ('180',to_date('05/05/17','DD/MM/RR'),'2080','47','75','Jack Jones','41045180-8','10046','9018');
Insert into SYSTEM.BILLS (ID,DATEOFBILL,TOTALCOST,TAX_COST,TAX_VALUE,PURCHASE_TYPE,LICENSE,ID_CUSTOMERS,ID_SALES_PERSON) values ('181',to_date('24/06/18','DD/MM/RR'),'2081','62','150','Joshua Gentry','41513760-5','10030','9093');
Insert into SYSTEM.BILLS (ID,DATEOFBILL,TOTALCOST,TAX_COST,TAX_VALUE,PURCHASE_TYPE,LICENSE,ID_CUSTOMERS,ID_SALES_PERSON) values ('182',to_date('26/02/17','DD/MM/RR'),'2082','57','143','Russell Bruce','33590400-1','10039','9012');
Insert into SYSTEM.BILLS (ID,DATEOFBILL,TOTALCOST,TAX_COST,TAX_VALUE,PURCHASE_TYPE,LICENSE,ID_CUSTOMERS,ID_SALES_PERSON) values ('183',to_date('24/01/17','DD/MM/RR'),'2083','77','114','Xerxes D. Conway','32177593-4','10012','9049');
Insert into SYSTEM.BILLS (ID,DATEOFBILL,TOTALCOST,TAX_COST,TAX_VALUE,PURCHASE_TYPE,LICENSE,ID_CUSTOMERS,ID_SALES_PERSON) values ('184',to_date('25/01/17','DD/MM/RR'),'2084','34','45','Kerry Cannon','33155510-K','10055','9071');
Insert into SYSTEM.BILLS (ID,DATEOFBILL,TOTALCOST,TAX_COST,TAX_VALUE,PURCHASE_TYPE,LICENSE,ID_CUSTOMERS,ID_SALES_PERSON) values ('185',to_date('22/06/18','DD/MM/RR'),'2085','44','53','Wylie S. Parker','30334002-5','10051','9034');
Insert into SYSTEM.BILLS (ID,DATEOFBILL,TOTALCOST,TAX_COST,TAX_VALUE,PURCHASE_TYPE,LICENSE,ID_CUSTOMERS,ID_SALES_PERSON) values ('186',to_date('25/12/17','DD/MM/RR'),'2086','33','149','Alvin X. Chapman','46036701-8','10076','9026');
Insert into SYSTEM.BILLS (ID,DATEOFBILL,TOTALCOST,TAX_COST,TAX_VALUE,PURCHASE_TYPE,LICENSE,ID_CUSTOMERS,ID_SALES_PERSON) values ('187',to_date('19/03/17','DD/MM/RR'),'2087','73','94','Brynne Contreras','6460621-2','10041','9048');
Insert into SYSTEM.BILLS (ID,DATEOFBILL,TOTALCOST,TAX_COST,TAX_VALUE,PURCHASE_TYPE,LICENSE,ID_CUSTOMERS,ID_SALES_PERSON) values ('188',to_date('24/11/16','DD/MM/RR'),'2088','61','102','Reed L. Randolph','9148651-2','10095','9011');
Insert into SYSTEM.BILLS (ID,DATEOFBILL,TOTALCOST,TAX_COST,TAX_VALUE,PURCHASE_TYPE,LICENSE,ID_CUSTOMERS,ID_SALES_PERSON) values ('189',to_date('08/07/17','DD/MM/RR'),'2089','68','72','Ulla Glenn','22542773-9','10074','9013');
Insert into SYSTEM.BILLS (ID,DATEOFBILL,TOTALCOST,TAX_COST,TAX_VALUE,PURCHASE_TYPE,LICENSE,ID_CUSTOMERS,ID_SALES_PERSON) values ('190',to_date('15/11/16','DD/MM/RR'),'2090','30','134','Shafira Hale','29110570-K','10076','9075');
Insert into SYSTEM.BILLS (ID,DATEOFBILL,TOTALCOST,TAX_COST,TAX_VALUE,PURCHASE_TYPE,LICENSE,ID_CUSTOMERS,ID_SALES_PERSON) values ('191',to_date('20/05/18','DD/MM/RR'),'2091','66','48','Acton W. Langley','26631319-5','10056','9060');
Insert into SYSTEM.BILLS (ID,DATEOFBILL,TOTALCOST,TAX_COST,TAX_VALUE,PURCHASE_TYPE,LICENSE,ID_CUSTOMERS,ID_SALES_PERSON) values ('192',to_date('26/04/17','DD/MM/RR'),'2092','70','97','Lacota Figueroa','20285695-0','10003','9035');
Insert into SYSTEM.BILLS (ID,DATEOFBILL,TOTALCOST,TAX_COST,TAX_VALUE,PURCHASE_TYPE,LICENSE,ID_CUSTOMERS,ID_SALES_PERSON) values ('193',to_date('01/07/17','DD/MM/RR'),'2093','53','81','Gillian M. Nolan','5320377-9','10097','9007');
Insert into SYSTEM.BILLS (ID,DATEOFBILL,TOTALCOST,TAX_COST,TAX_VALUE,PURCHASE_TYPE,LICENSE,ID_CUSTOMERS,ID_SALES_PERSON) values ('194',to_date('30/11/17','DD/MM/RR'),'2094','81','108','Odette Conner','29262522-7','10034','9026');
Insert into SYSTEM.BILLS (ID,DATEOFBILL,TOTALCOST,TAX_COST,TAX_VALUE,PURCHASE_TYPE,LICENSE,ID_CUSTOMERS,ID_SALES_PERSON) values ('195',to_date('15/07/18','DD/MM/RR'),'2095','86','131','Laith Wilkerson','9854567-0','10045','9008');
Insert into SYSTEM.BILLS (ID,DATEOFBILL,TOTALCOST,TAX_COST,TAX_VALUE,PURCHASE_TYPE,LICENSE,ID_CUSTOMERS,ID_SALES_PERSON) values ('196',to_date('02/11/18','DD/MM/RR'),'2096','24','42','Galvin George','47457352-4','10073','9099');
Insert into SYSTEM.BILLS (ID,DATEOFBILL,TOTALCOST,TAX_COST,TAX_VALUE,PURCHASE_TYPE,LICENSE,ID_CUSTOMERS,ID_SALES_PERSON) values ('197',to_date('17/09/18','DD/MM/RR'),'2097','87','103','Richard Finley','36390774-1','10090','9072');
Insert into SYSTEM.BILLS (ID,DATEOFBILL,TOTALCOST,TAX_COST,TAX_VALUE,PURCHASE_TYPE,LICENSE,ID_CUSTOMERS,ID_SALES_PERSON) values ('198',to_date('12/03/18','DD/MM/RR'),'2098','49','51','Joy X. Moon','45540424-K','10017','9035');
Insert into SYSTEM.BILLS (ID,DATEOFBILL,TOTALCOST,TAX_COST,TAX_VALUE,PURCHASE_TYPE,LICENSE,ID_CUSTOMERS,ID_SALES_PERSON) values ('199',to_date('09/05/08','DD/MM/RR'),'2099','33','80','Orson S. Savage','41652026-7','10014','9066');
REM INSERTING into SYSTEM.CUSTOMERS
SET DEFINE OFF;
Insert into SYSTEM.CUSTOMERS (ID_CUSTOMER,NAME_CUSTOMER,CELL_MOBILE_PHONE,EMAIL_CUSTOMER) values ('10000','Mufutau','14492285467','scelerisque.neque@seddictumeleifend.ca');
Insert into SYSTEM.CUSTOMERS (ID_CUSTOMER,NAME_CUSTOMER,CELL_MOBILE_PHONE,EMAIL_CUSTOMER) values ('10001','Phoebe','13539033534','Phasellus@mauris.org');
Insert into SYSTEM.CUSTOMERS (ID_CUSTOMER,NAME_CUSTOMER,CELL_MOBILE_PHONE,EMAIL_CUSTOMER) values ('10002','Kerry','17557881733','est.Nunc@Donecconsectetuermauris.com');
Insert into SYSTEM.CUSTOMERS (ID_CUSTOMER,NAME_CUSTOMER,CELL_MOBILE_PHONE,EMAIL_CUSTOMER) values ('10003','Dante','13113582740','lorem.luctus@metusIn.net');
Insert into SYSTEM.CUSTOMERS (ID_CUSTOMER,NAME_CUSTOMER,CELL_MOBILE_PHONE,EMAIL_CUSTOMER) values ('10004','Shad','19057827187','ultricies.ligula.Nullam@ProinmiAliquam.ca');
Insert into SYSTEM.CUSTOMERS (ID_CUSTOMER,NAME_CUSTOMER,CELL_MOBILE_PHONE,EMAIL_CUSTOMER) values ('10005','Diana','18906919972','laoreet.libero@sempererat.net');
Insert into SYSTEM.CUSTOMERS (ID_CUSTOMER,NAME_CUSTOMER,CELL_MOBILE_PHONE,EMAIL_CUSTOMER) values ('10006','Lana','15981295654','nunc.sed@cursus.com');
Insert into SYSTEM.CUSTOMERS (ID_CUSTOMER,NAME_CUSTOMER,CELL_MOBILE_PHONE,EMAIL_CUSTOMER) values ('10007','Bertha','11897270789','Aliquam.ultrices@enim.co.uk');
Insert into SYSTEM.CUSTOMERS (ID_CUSTOMER,NAME_CUSTOMER,CELL_MOBILE_PHONE,EMAIL_CUSTOMER) values ('10008','Ryder','17442296976','sed.sem.egestas@dolorFusce.org');
Insert into SYSTEM.CUSTOMERS (ID_CUSTOMER,NAME_CUSTOMER,CELL_MOBILE_PHONE,EMAIL_CUSTOMER) values ('10009','Eagan','13516192602','Aenean@dignissimmagnaa.org');
Insert into SYSTEM.CUSTOMERS (ID_CUSTOMER,NAME_CUSTOMER,CELL_MOBILE_PHONE,EMAIL_CUSTOMER) values ('10010','Quail','19198270031','enim.mi@leo.net');
Insert into SYSTEM.CUSTOMERS (ID_CUSTOMER,NAME_CUSTOMER,CELL_MOBILE_PHONE,EMAIL_CUSTOMER) values ('10011','Aurelia','17903903889','Aenean.sed@eratSed.ca');
Insert into SYSTEM.CUSTOMERS (ID_CUSTOMER,NAME_CUSTOMER,CELL_MOBILE_PHONE,EMAIL_CUSTOMER) values ('10012','Ivor','16484533732','a@erat.org');
Insert into SYSTEM.CUSTOMERS (ID_CUSTOMER,NAME_CUSTOMER,CELL_MOBILE_PHONE,EMAIL_CUSTOMER) values ('10013','Uma','11165594524','luctus.et@estmollis.co.uk');
Insert into SYSTEM.CUSTOMERS (ID_CUSTOMER,NAME_CUSTOMER,CELL_MOBILE_PHONE,EMAIL_CUSTOMER) values ('10014','Bruno','11277785213','egestas@Sedmolestie.co.uk');
Insert into SYSTEM.CUSTOMERS (ID_CUSTOMER,NAME_CUSTOMER,CELL_MOBILE_PHONE,EMAIL_CUSTOMER) values ('10015','Suki','16373784209','faucibus.orci.luctus@etrisus.ca');
Insert into SYSTEM.CUSTOMERS (ID_CUSTOMER,NAME_CUSTOMER,CELL_MOBILE_PHONE,EMAIL_CUSTOMER) values ('10016','Uma','19377592238','cubilia.Curae@ultriciessem.net');
Insert into SYSTEM.CUSTOMERS (ID_CUSTOMER,NAME_CUSTOMER,CELL_MOBILE_PHONE,EMAIL_CUSTOMER) values ('10017','Ebony','18024164770','eros.Proin.ultrices@parturientmontesnascetur.com');
Insert into SYSTEM.CUSTOMERS (ID_CUSTOMER,NAME_CUSTOMER,CELL_MOBILE_PHONE,EMAIL_CUSTOMER) values ('10018','Veronica','19438583284','imperdiet@Integerid.edu');
Insert into SYSTEM.CUSTOMERS (ID_CUSTOMER,NAME_CUSTOMER,CELL_MOBILE_PHONE,EMAIL_CUSTOMER) values ('10019','Sara','19406254266','Donec@eu.org');
Insert into SYSTEM.CUSTOMERS (ID_CUSTOMER,NAME_CUSTOMER,CELL_MOBILE_PHONE,EMAIL_CUSTOMER) values ('10020','Marah','18214170890','Nam.ac@pede.edu');
Insert into SYSTEM.CUSTOMERS (ID_CUSTOMER,NAME_CUSTOMER,CELL_MOBILE_PHONE,EMAIL_CUSTOMER) values ('10021','Sopoline','12516038316','Integer@Nunc.net');
Insert into SYSTEM.CUSTOMERS (ID_CUSTOMER,NAME_CUSTOMER,CELL_MOBILE_PHONE,EMAIL_CUSTOMER) values ('10022','Abbot','12143042549','dolor@mattisornarelectus.ca');
Insert into SYSTEM.CUSTOMERS (ID_CUSTOMER,NAME_CUSTOMER,CELL_MOBILE_PHONE,EMAIL_CUSTOMER) values ('10023','Sybil','14661522948','odio.sagittis.semper@arcuimperdietullamcorper.net');
Insert into SYSTEM.CUSTOMERS (ID_CUSTOMER,NAME_CUSTOMER,CELL_MOBILE_PHONE,EMAIL_CUSTOMER) values ('10024','Larissa','14458073870','at@libero.com');
Insert into SYSTEM.CUSTOMERS (ID_CUSTOMER,NAME_CUSTOMER,CELL_MOBILE_PHONE,EMAIL_CUSTOMER) values ('10025','Victor','16026994961','nec.quam@acrisus.ca');
Insert into SYSTEM.CUSTOMERS (ID_CUSTOMER,NAME_CUSTOMER,CELL_MOBILE_PHONE,EMAIL_CUSTOMER) values ('10026','Anika','19645906955','nisi.Cum@liberoProin.co.uk');
Insert into SYSTEM.CUSTOMERS (ID_CUSTOMER,NAME_CUSTOMER,CELL_MOBILE_PHONE,EMAIL_CUSTOMER) values ('10027','Lysandra','16845758760','magna.a.tortor@rutrumurnanec.org');
Insert into SYSTEM.CUSTOMERS (ID_CUSTOMER,NAME_CUSTOMER,CELL_MOBILE_PHONE,EMAIL_CUSTOMER) values ('10028','Keelie','19024230934','Duis@erat.net');
Insert into SYSTEM.CUSTOMERS (ID_CUSTOMER,NAME_CUSTOMER,CELL_MOBILE_PHONE,EMAIL_CUSTOMER) values ('10029','Quamar','12892807874','massa.Vestibulum@Duismienim.co.uk');
Insert into SYSTEM.CUSTOMERS (ID_CUSTOMER,NAME_CUSTOMER,CELL_MOBILE_PHONE,EMAIL_CUSTOMER) values ('10030','Dana','15558945323','hymenaeos.Mauris@tortor.co.uk');
Insert into SYSTEM.CUSTOMERS (ID_CUSTOMER,NAME_CUSTOMER,CELL_MOBILE_PHONE,EMAIL_CUSTOMER) values ('10031','Hiram','14304026591','libero.Morbi@acmieleifend.edu');
Insert into SYSTEM.CUSTOMERS (ID_CUSTOMER,NAME_CUSTOMER,CELL_MOBILE_PHONE,EMAIL_CUSTOMER) values ('10032','Mara','15172802047','amet.risus@loremtristiquealiquet.net');
Insert into SYSTEM.CUSTOMERS (ID_CUSTOMER,NAME_CUSTOMER,CELL_MOBILE_PHONE,EMAIL_CUSTOMER) values ('10033','Octavius','18204232642','Pellentesque@enimnon.edu');
Insert into SYSTEM.CUSTOMERS (ID_CUSTOMER,NAME_CUSTOMER,CELL_MOBILE_PHONE,EMAIL_CUSTOMER) values ('10034','Ivan','11331377502','justo@amet.edu');
Insert into SYSTEM.CUSTOMERS (ID_CUSTOMER,NAME_CUSTOMER,CELL_MOBILE_PHONE,EMAIL_CUSTOMER) values ('10035','Ali','16593407833','iaculis.lacus.pede@Praesent.org');
Insert into SYSTEM.CUSTOMERS (ID_CUSTOMER,NAME_CUSTOMER,CELL_MOBILE_PHONE,EMAIL_CUSTOMER) values ('10036','Jescie','12853539050','auctor@etcommodoat.co.uk');
Insert into SYSTEM.CUSTOMERS (ID_CUSTOMER,NAME_CUSTOMER,CELL_MOBILE_PHONE,EMAIL_CUSTOMER) values ('10037','Sophia','14201296429','Duis.elementum@Mauris.edu');
Insert into SYSTEM.CUSTOMERS (ID_CUSTOMER,NAME_CUSTOMER,CELL_MOBILE_PHONE,EMAIL_CUSTOMER) values ('10038','Troy','11036101076','dictum.cursus@a.com');
Insert into SYSTEM.CUSTOMERS (ID_CUSTOMER,NAME_CUSTOMER,CELL_MOBILE_PHONE,EMAIL_CUSTOMER) values ('10039','Fiona','11143465094','a@quispedeSuspendisse.com');
Insert into SYSTEM.CUSTOMERS (ID_CUSTOMER,NAME_CUSTOMER,CELL_MOBILE_PHONE,EMAIL_CUSTOMER) values ('10040','Brady','12961113857','mauris@condimentum.com');
Insert into SYSTEM.CUSTOMERS (ID_CUSTOMER,NAME_CUSTOMER,CELL_MOBILE_PHONE,EMAIL_CUSTOMER) values ('10041','Byron','16203894257','egestas.blandit.Nam@posuerevulputatelacus.com');
Insert into SYSTEM.CUSTOMERS (ID_CUSTOMER,NAME_CUSTOMER,CELL_MOBILE_PHONE,EMAIL_CUSTOMER) values ('10042','Tana','13179071054','Morbi@ullamcorper.co.uk');
Insert into SYSTEM.CUSTOMERS (ID_CUSTOMER,NAME_CUSTOMER,CELL_MOBILE_PHONE,EMAIL_CUSTOMER) values ('10043','Felicia','12272713746','dui.Cras@aarcu.co.uk');
Insert into SYSTEM.CUSTOMERS (ID_CUSTOMER,NAME_CUSTOMER,CELL_MOBILE_PHONE,EMAIL_CUSTOMER) values ('10044','Dakota','18186280578','Curabitur@maurisipsumporta.org');
Insert into SYSTEM.CUSTOMERS (ID_CUSTOMER,NAME_CUSTOMER,CELL_MOBILE_PHONE,EMAIL_CUSTOMER) values ('10045','Daria','11522095844','Mauris@convallisligula.org');
Insert into SYSTEM.CUSTOMERS (ID_CUSTOMER,NAME_CUSTOMER,CELL_MOBILE_PHONE,EMAIL_CUSTOMER) values ('10046','Merritt','17752881929','mauris.sapien.cursus@placeratorci.org');
Insert into SYSTEM.CUSTOMERS (ID_CUSTOMER,NAME_CUSTOMER,CELL_MOBILE_PHONE,EMAIL_CUSTOMER) values ('10047','Cullen','19947338637','suscipit.nonummy@natoque.org');
Insert into SYSTEM.CUSTOMERS (ID_CUSTOMER,NAME_CUSTOMER,CELL_MOBILE_PHONE,EMAIL_CUSTOMER) values ('10048','Chloe','11452355961','ac.orci.Ut@Maurisquis.ca');
Insert into SYSTEM.CUSTOMERS (ID_CUSTOMER,NAME_CUSTOMER,CELL_MOBILE_PHONE,EMAIL_CUSTOMER) values ('10049','Cameran','11893197774','sollicitudin.a@necmaurisblandit.ca');
Insert into SYSTEM.CUSTOMERS (ID_CUSTOMER,NAME_CUSTOMER,CELL_MOBILE_PHONE,EMAIL_CUSTOMER) values ('10050','Amal','12086062238','nibh@consectetueradipiscingelit.net');
Insert into SYSTEM.CUSTOMERS (ID_CUSTOMER,NAME_CUSTOMER,CELL_MOBILE_PHONE,EMAIL_CUSTOMER) values ('10051','Barbara','15264762348','metus.urna@erat.ca');
Insert into SYSTEM.CUSTOMERS (ID_CUSTOMER,NAME_CUSTOMER,CELL_MOBILE_PHONE,EMAIL_CUSTOMER) values ('10052','McKenzie','13504751410','Nulla.eu@tortordictum.co.uk');
Insert into SYSTEM.CUSTOMERS (ID_CUSTOMER,NAME_CUSTOMER,CELL_MOBILE_PHONE,EMAIL_CUSTOMER) values ('10053','Randall','12831277922','leo.elementum@tempusmauris.co.uk');
Insert into SYSTEM.CUSTOMERS (ID_CUSTOMER,NAME_CUSTOMER,CELL_MOBILE_PHONE,EMAIL_CUSTOMER) values ('10054','Jaime','12096805653','velit.justo.nec@orci.net');
Insert into SYSTEM.CUSTOMERS (ID_CUSTOMER,NAME_CUSTOMER,CELL_MOBILE_PHONE,EMAIL_CUSTOMER) values ('10055','Cairo','13373928749','semper.pretium.neque@lacinia.co.uk');
Insert into SYSTEM.CUSTOMERS (ID_CUSTOMER,NAME_CUSTOMER,CELL_MOBILE_PHONE,EMAIL_CUSTOMER) values ('10056','Robert','14563364224','dolor@feugiat.edu');
Insert into SYSTEM.CUSTOMERS (ID_CUSTOMER,NAME_CUSTOMER,CELL_MOBILE_PHONE,EMAIL_CUSTOMER) values ('10057','Nero','17074445629','ligula.consectetuer@Mauris.ca');
Insert into SYSTEM.CUSTOMERS (ID_CUSTOMER,NAME_CUSTOMER,CELL_MOBILE_PHONE,EMAIL_CUSTOMER) values ('10058','Tiger','13772413018','velit.Quisque.varius@est.org');
Insert into SYSTEM.CUSTOMERS (ID_CUSTOMER,NAME_CUSTOMER,CELL_MOBILE_PHONE,EMAIL_CUSTOMER) values ('10059','Prescott','15281370265','Aenean@dolornonummy.net');
Insert into SYSTEM.CUSTOMERS (ID_CUSTOMER,NAME_CUSTOMER,CELL_MOBILE_PHONE,EMAIL_CUSTOMER) values ('10060','August','15119422541','nascetur.ridiculus@DonecegestasDuis.net');
Insert into SYSTEM.CUSTOMERS (ID_CUSTOMER,NAME_CUSTOMER,CELL_MOBILE_PHONE,EMAIL_CUSTOMER) values ('10061','Honorato','12275071583','non.vestibulum.nec@miAliquamgravida.co.uk');
Insert into SYSTEM.CUSTOMERS (ID_CUSTOMER,NAME_CUSTOMER,CELL_MOBILE_PHONE,EMAIL_CUSTOMER) values ('10062','Magee','17428720963','dolor.Donec.fringilla@eudui.edu');
Insert into SYSTEM.CUSTOMERS (ID_CUSTOMER,NAME_CUSTOMER,CELL_MOBILE_PHONE,EMAIL_CUSTOMER) values ('10063','Jescie','19389213794','orci@dapibusid.com');
Insert into SYSTEM.CUSTOMERS (ID_CUSTOMER,NAME_CUSTOMER,CELL_MOBILE_PHONE,EMAIL_CUSTOMER) values ('10064','Rigel','16911193576','dolor.Nulla.semper@Integervitaenibh.co.uk');
Insert into SYSTEM.CUSTOMERS (ID_CUSTOMER,NAME_CUSTOMER,CELL_MOBILE_PHONE,EMAIL_CUSTOMER) values ('10065','Gary','11694503150','sollicitudin@sollicitudinorci.org');
Insert into SYSTEM.CUSTOMERS (ID_CUSTOMER,NAME_CUSTOMER,CELL_MOBILE_PHONE,EMAIL_CUSTOMER) values ('10066','Iliana','17348627822','Duis@semper.com');
Insert into SYSTEM.CUSTOMERS (ID_CUSTOMER,NAME_CUSTOMER,CELL_MOBILE_PHONE,EMAIL_CUSTOMER) values ('10067','Chester','16662682086','felis@malesuada.ca');
Insert into SYSTEM.CUSTOMERS (ID_CUSTOMER,NAME_CUSTOMER,CELL_MOBILE_PHONE,EMAIL_CUSTOMER) values ('10068','Madeline','16975135836','libero.nec@tempus.ca');
Insert into SYSTEM.CUSTOMERS (ID_CUSTOMER,NAME_CUSTOMER,CELL_MOBILE_PHONE,EMAIL_CUSTOMER) values ('10069','May','13688915671','id.ante.Nunc@ipsum.net');
Insert into SYSTEM.CUSTOMERS (ID_CUSTOMER,NAME_CUSTOMER,CELL_MOBILE_PHONE,EMAIL_CUSTOMER) values ('10070','Uriel','14753209068','Duis.mi.enim@Quisquepurussapien.co.uk');
Insert into SYSTEM.CUSTOMERS (ID_CUSTOMER,NAME_CUSTOMER,CELL_MOBILE_PHONE,EMAIL_CUSTOMER) values ('10071','Remedios','14272653116','sapien.molestie.orci@urnaNuncquis.com');
Insert into SYSTEM.CUSTOMERS (ID_CUSTOMER,NAME_CUSTOMER,CELL_MOBILE_PHONE,EMAIL_CUSTOMER) values ('10072','Wesley','18036138102','Quisque.libero.lacus@Vivamussitamet.org');
Insert into SYSTEM.CUSTOMERS (ID_CUSTOMER,NAME_CUSTOMER,CELL_MOBILE_PHONE,EMAIL_CUSTOMER) values ('10073','Yvette','17763057677','Fusce.feugiat@necluctus.co.uk');
Insert into SYSTEM.CUSTOMERS (ID_CUSTOMER,NAME_CUSTOMER,CELL_MOBILE_PHONE,EMAIL_CUSTOMER) values ('10074','Cedric','17317979725','sem.magna@milorem.co.uk');
Insert into SYSTEM.CUSTOMERS (ID_CUSTOMER,NAME_CUSTOMER,CELL_MOBILE_PHONE,EMAIL_CUSTOMER) values ('10075','Ciaran','15354901808','leo.Vivamus@pedeSuspendisse.ca');
Insert into SYSTEM.CUSTOMERS (ID_CUSTOMER,NAME_CUSTOMER,CELL_MOBILE_PHONE,EMAIL_CUSTOMER) values ('10076','Jonas','17927126847','nec.quam.Curabitur@etultrices.org');
Insert into SYSTEM.CUSTOMERS (ID_CUSTOMER,NAME_CUSTOMER,CELL_MOBILE_PHONE,EMAIL_CUSTOMER) values ('10077','Brady','16492622586','tellus@tempusmauris.com');
Insert into SYSTEM.CUSTOMERS (ID_CUSTOMER,NAME_CUSTOMER,CELL_MOBILE_PHONE,EMAIL_CUSTOMER) values ('10078','Audrey','13656178184','Ut@dignissimtemporarcu.co.uk');
Insert into SYSTEM.CUSTOMERS (ID_CUSTOMER,NAME_CUSTOMER,CELL_MOBILE_PHONE,EMAIL_CUSTOMER) values ('10079','August','14859272561','id@Suspendisseeleifend.edu');
Insert into SYSTEM.CUSTOMERS (ID_CUSTOMER,NAME_CUSTOMER,CELL_MOBILE_PHONE,EMAIL_CUSTOMER) values ('10080','Samantha','12376879460','neque.Nullam.nisl@consequatpurus.com');
Insert into SYSTEM.CUSTOMERS (ID_CUSTOMER,NAME_CUSTOMER,CELL_MOBILE_PHONE,EMAIL_CUSTOMER) values ('10081','Halla','16268119481','purus.ac.tellus@turpis.com');
Insert into SYSTEM.CUSTOMERS (ID_CUSTOMER,NAME_CUSTOMER,CELL_MOBILE_PHONE,EMAIL_CUSTOMER) values ('10082','Alec','11444390890','eu@vitaemauris.com');
Insert into SYSTEM.CUSTOMERS (ID_CUSTOMER,NAME_CUSTOMER,CELL_MOBILE_PHONE,EMAIL_CUSTOMER) values ('10083','Olivia','12854829028','imperdiet@acurna.co.uk');
Insert into SYSTEM.CUSTOMERS (ID_CUSTOMER,NAME_CUSTOMER,CELL_MOBILE_PHONE,EMAIL_CUSTOMER) values ('10084','Amelia','19509436448','hendrerit@augue.org');
Insert into SYSTEM.CUSTOMERS (ID_CUSTOMER,NAME_CUSTOMER,CELL_MOBILE_PHONE,EMAIL_CUSTOMER) values ('10085','Reuben','13045171049','purus@lobortis.com');
Insert into SYSTEM.CUSTOMERS (ID_CUSTOMER,NAME_CUSTOMER,CELL_MOBILE_PHONE,EMAIL_CUSTOMER) values ('10086','Lucas','15724066799','dolor.vitae@egestasFusce.edu');
Insert into SYSTEM.CUSTOMERS (ID_CUSTOMER,NAME_CUSTOMER,CELL_MOBILE_PHONE,EMAIL_CUSTOMER) values ('10087','Andrew','16478935653','molestie.in.tempus@ornare.org');
Insert into SYSTEM.CUSTOMERS (ID_CUSTOMER,NAME_CUSTOMER,CELL_MOBILE_PHONE,EMAIL_CUSTOMER) values ('10088','Dacey','12977288762','diam.eu@amet.ca');
Insert into SYSTEM.CUSTOMERS (ID_CUSTOMER,NAME_CUSTOMER,CELL_MOBILE_PHONE,EMAIL_CUSTOMER) values ('10089','Mufutau','18354374144','tempor@accumsan.ca');
Insert into SYSTEM.CUSTOMERS (ID_CUSTOMER,NAME_CUSTOMER,CELL_MOBILE_PHONE,EMAIL_CUSTOMER) values ('10090','Graham','15849902144','sem.eget@scelerisquesed.co.uk');
Insert into SYSTEM.CUSTOMERS (ID_CUSTOMER,NAME_CUSTOMER,CELL_MOBILE_PHONE,EMAIL_CUSTOMER) values ('10091','Omar','18037071041','mi.Aliquam@idrisusquis.net');
Insert into SYSTEM.CUSTOMERS (ID_CUSTOMER,NAME_CUSTOMER,CELL_MOBILE_PHONE,EMAIL_CUSTOMER) values ('10092','Miranda','17606063829','nibh@Uttincidunt.ca');
Insert into SYSTEM.CUSTOMERS (ID_CUSTOMER,NAME_CUSTOMER,CELL_MOBILE_PHONE,EMAIL_CUSTOMER) values ('10093','Rafael','11737206808','ut.dolor@nisi.ca');
Insert into SYSTEM.CUSTOMERS (ID_CUSTOMER,NAME_CUSTOMER,CELL_MOBILE_PHONE,EMAIL_CUSTOMER) values ('10094','Gannon','11173935237','Morbi.accumsan@ornare.org');
Insert into SYSTEM.CUSTOMERS (ID_CUSTOMER,NAME_CUSTOMER,CELL_MOBILE_PHONE,EMAIL_CUSTOMER) values ('10095','Callum','11022252546','eget.laoreet@imperdiet.net');
Insert into SYSTEM.CUSTOMERS (ID_CUSTOMER,NAME_CUSTOMER,CELL_MOBILE_PHONE,EMAIL_CUSTOMER) values ('10097','Chantale','15435104716','aliquam@nullaanteiaculis.ca');
Insert into SYSTEM.CUSTOMERS (ID_CUSTOMER,NAME_CUSTOMER,CELL_MOBILE_PHONE,EMAIL_CUSTOMER) values ('10098','Hilda','12503783187','aliquet@semut.org');
Insert into SYSTEM.CUSTOMERS (ID_CUSTOMER,NAME_CUSTOMER,CELL_MOBILE_PHONE,EMAIL_CUSTOMER) values ('10099','Laith','11173471124','a@porttitor.org');
REM INSERTING into SYSTEM.MANUFACTERS
SET DEFINE OFF;
Insert into SYSTEM.MANUFACTERS (ID_MANUFACTER,MANUFACTERNAME) values ('1','Gloria A. White');
Insert into SYSTEM.MANUFACTERS (ID_MANUFACTER,MANUFACTERNAME) values ('2','Idona L. Boyle');
Insert into SYSTEM.MANUFACTERS (ID_MANUFACTER,MANUFACTERNAME) values ('3','Melinda N. Hubbard');
Insert into SYSTEM.MANUFACTERS (ID_MANUFACTER,MANUFACTERNAME) values ('4','Hop T. Frazier');
Insert into SYSTEM.MANUFACTERS (ID_MANUFACTER,MANUFACTERNAME) values ('5','Nathaniel S. Pratt');
Insert into SYSTEM.MANUFACTERS (ID_MANUFACTER,MANUFACTERNAME) values ('6','Darrel K. Pacheco');
Insert into SYSTEM.MANUFACTERS (ID_MANUFACTER,MANUFACTERNAME) values ('7','Zachary R. Bentley');
Insert into SYSTEM.MANUFACTERS (ID_MANUFACTER,MANUFACTERNAME) values ('8','Bertha B. Tucker');
Insert into SYSTEM.MANUFACTERS (ID_MANUFACTER,MANUFACTERNAME) values ('9','Emery Y. Mullins');
Insert into SYSTEM.MANUFACTERS (ID_MANUFACTER,MANUFACTERNAME) values ('10','Bryar Y. Cherry');
Insert into SYSTEM.MANUFACTERS (ID_MANUFACTER,MANUFACTERNAME) values ('11','Lisandra H. Wilson');
Insert into SYSTEM.MANUFACTERS (ID_MANUFACTER,MANUFACTERNAME) values ('12','Eleanor S. Lamb');
Insert into SYSTEM.MANUFACTERS (ID_MANUFACTER,MANUFACTERNAME) values ('13','Vanna S. Webster');
Insert into SYSTEM.MANUFACTERS (ID_MANUFACTER,MANUFACTERNAME) values ('14','Katelyn T. Hyde');
Insert into SYSTEM.MANUFACTERS (ID_MANUFACTER,MANUFACTERNAME) values ('15','Macaulay K. Waller');
Insert into SYSTEM.MANUFACTERS (ID_MANUFACTER,MANUFACTERNAME) values ('16','Ora F. Perkins');
Insert into SYSTEM.MANUFACTERS (ID_MANUFACTER,MANUFACTERNAME) values ('17','Savannah R. Small');
Insert into SYSTEM.MANUFACTERS (ID_MANUFACTER,MANUFACTERNAME) values ('18','Doris B. Ramsey');
Insert into SYSTEM.MANUFACTERS (ID_MANUFACTER,MANUFACTERNAME) values ('19','Adam W. Alvarado');
Insert into SYSTEM.MANUFACTERS (ID_MANUFACTER,MANUFACTERNAME) values ('20','Adena H. Zimmerman');
Insert into SYSTEM.MANUFACTERS (ID_MANUFACTER,MANUFACTERNAME) values ('21','Hakeem G. Dunlap');
Insert into SYSTEM.MANUFACTERS (ID_MANUFACTER,MANUFACTERNAME) values ('22','Colt L. Henson');
Insert into SYSTEM.MANUFACTERS (ID_MANUFACTER,MANUFACTERNAME) values ('23','Judah I. Reynolds');
Insert into SYSTEM.MANUFACTERS (ID_MANUFACTER,MANUFACTERNAME) values ('24','Stacey R. Solis');
Insert into SYSTEM.MANUFACTERS (ID_MANUFACTER,MANUFACTERNAME) values ('25','Madeline R. Wilcox');
Insert into SYSTEM.MANUFACTERS (ID_MANUFACTER,MANUFACTERNAME) values ('26','Maya P. Stark');
Insert into SYSTEM.MANUFACTERS (ID_MANUFACTER,MANUFACTERNAME) values ('27','Barclay S. Rivers');
Insert into SYSTEM.MANUFACTERS (ID_MANUFACTER,MANUFACTERNAME) values ('28','Kylynn C. Wood');
Insert into SYSTEM.MANUFACTERS (ID_MANUFACTER,MANUFACTERNAME) values ('29','Deanna N. Fuller');
Insert into SYSTEM.MANUFACTERS (ID_MANUFACTER,MANUFACTERNAME) values ('30','Giacomo L. Santiago');
Insert into SYSTEM.MANUFACTERS (ID_MANUFACTER,MANUFACTERNAME) values ('31','Erin P. Baird');
Insert into SYSTEM.MANUFACTERS (ID_MANUFACTER,MANUFACTERNAME) values ('32','Shelby H. Mathews');
Insert into SYSTEM.MANUFACTERS (ID_MANUFACTER,MANUFACTERNAME) values ('33','Minerva M. Howell');
Insert into SYSTEM.MANUFACTERS (ID_MANUFACTER,MANUFACTERNAME) values ('34','Vernon K. Stout');
Insert into SYSTEM.MANUFACTERS (ID_MANUFACTER,MANUFACTERNAME) values ('35','Lewis V. Carver');
Insert into SYSTEM.MANUFACTERS (ID_MANUFACTER,MANUFACTERNAME) values ('36','Claire Q. Wise');
Insert into SYSTEM.MANUFACTERS (ID_MANUFACTER,MANUFACTERNAME) values ('37','Elaine G. Bryan');
Insert into SYSTEM.MANUFACTERS (ID_MANUFACTER,MANUFACTERNAME) values ('38','Lance N. Beard');
Insert into SYSTEM.MANUFACTERS (ID_MANUFACTER,MANUFACTERNAME) values ('39','Dennis N. Henry');
Insert into SYSTEM.MANUFACTERS (ID_MANUFACTER,MANUFACTERNAME) values ('40','Zachery C. Compton');
Insert into SYSTEM.MANUFACTERS (ID_MANUFACTER,MANUFACTERNAME) values ('41','Camilla Y. Mcconnell');
Insert into SYSTEM.MANUFACTERS (ID_MANUFACTER,MANUFACTERNAME) values ('42','Seth F. Joseph');
Insert into SYSTEM.MANUFACTERS (ID_MANUFACTER,MANUFACTERNAME) values ('43','Gareth Z. Lester');
Insert into SYSTEM.MANUFACTERS (ID_MANUFACTER,MANUFACTERNAME) values ('44','Oleg G. Everett');
Insert into SYSTEM.MANUFACTERS (ID_MANUFACTER,MANUFACTERNAME) values ('45','Lavinia I. Holman');
Insert into SYSTEM.MANUFACTERS (ID_MANUFACTER,MANUFACTERNAME) values ('46','Christine L. Colon');
Insert into SYSTEM.MANUFACTERS (ID_MANUFACTER,MANUFACTERNAME) values ('47','Yuli B. Sharpe');
Insert into SYSTEM.MANUFACTERS (ID_MANUFACTER,MANUFACTERNAME) values ('48','Petra R. Graves');
Insert into SYSTEM.MANUFACTERS (ID_MANUFACTER,MANUFACTERNAME) values ('49','Freya P. Schwartz');
Insert into SYSTEM.MANUFACTERS (ID_MANUFACTER,MANUFACTERNAME) values ('50','Jamalia L. Cooper');
Insert into SYSTEM.MANUFACTERS (ID_MANUFACTER,MANUFACTERNAME) values ('51','Heidi O. Morton');
Insert into SYSTEM.MANUFACTERS (ID_MANUFACTER,MANUFACTERNAME) values ('52','Clio E. Morin');
Insert into SYSTEM.MANUFACTERS (ID_MANUFACTER,MANUFACTERNAME) values ('53','Audrey D. Church');
Insert into SYSTEM.MANUFACTERS (ID_MANUFACTER,MANUFACTERNAME) values ('54','Colton D. Langley');
Insert into SYSTEM.MANUFACTERS (ID_MANUFACTER,MANUFACTERNAME) values ('55','Barry T. Drake');
Insert into SYSTEM.MANUFACTERS (ID_MANUFACTER,MANUFACTERNAME) values ('56','Hoyt U. Faulkner');
Insert into SYSTEM.MANUFACTERS (ID_MANUFACTER,MANUFACTERNAME) values ('57','Adria S. Hart');
Insert into SYSTEM.MANUFACTERS (ID_MANUFACTER,MANUFACTERNAME) values ('58','Macey O. Chambers');
Insert into SYSTEM.MANUFACTERS (ID_MANUFACTER,MANUFACTERNAME) values ('59','Gloria R. Zimmerman');
Insert into SYSTEM.MANUFACTERS (ID_MANUFACTER,MANUFACTERNAME) values ('60','Clare P. Mason');
Insert into SYSTEM.MANUFACTERS (ID_MANUFACTER,MANUFACTERNAME) values ('61','Wyatt Y. Small');
Insert into SYSTEM.MANUFACTERS (ID_MANUFACTER,MANUFACTERNAME) values ('62','Raymond R. England');
Insert into SYSTEM.MANUFACTERS (ID_MANUFACTER,MANUFACTERNAME) values ('63','Keith U. Guzman');
Insert into SYSTEM.MANUFACTERS (ID_MANUFACTER,MANUFACTERNAME) values ('64','Mannix R. Payne');
Insert into SYSTEM.MANUFACTERS (ID_MANUFACTER,MANUFACTERNAME) values ('65','Shay H. Holt');
Insert into SYSTEM.MANUFACTERS (ID_MANUFACTER,MANUFACTERNAME) values ('66','James R. Bradford');
Insert into SYSTEM.MANUFACTERS (ID_MANUFACTER,MANUFACTERNAME) values ('67','Quentin V. Gardner');
Insert into SYSTEM.MANUFACTERS (ID_MANUFACTER,MANUFACTERNAME) values ('68','September Q. Harvey');
Insert into SYSTEM.MANUFACTERS (ID_MANUFACTER,MANUFACTERNAME) values ('69','Dante M. Walls');
Insert into SYSTEM.MANUFACTERS (ID_MANUFACTER,MANUFACTERNAME) values ('70','Iola V. Byrd');
Insert into SYSTEM.MANUFACTERS (ID_MANUFACTER,MANUFACTERNAME) values ('71','Duncan B. Barker');
Insert into SYSTEM.MANUFACTERS (ID_MANUFACTER,MANUFACTERNAME) values ('72','Ginger Q. Davenport');
Insert into SYSTEM.MANUFACTERS (ID_MANUFACTER,MANUFACTERNAME) values ('73','Ina C. Ellison');
Insert into SYSTEM.MANUFACTERS (ID_MANUFACTER,MANUFACTERNAME) values ('74','Leo Y. Clay');
Insert into SYSTEM.MANUFACTERS (ID_MANUFACTER,MANUFACTERNAME) values ('75','Kendall L. Powell');
Insert into SYSTEM.MANUFACTERS (ID_MANUFACTER,MANUFACTERNAME) values ('76','Echo K. Mendoza');
Insert into SYSTEM.MANUFACTERS (ID_MANUFACTER,MANUFACTERNAME) values ('77','Hedwig J. Gutierrez');
Insert into SYSTEM.MANUFACTERS (ID_MANUFACTER,MANUFACTERNAME) values ('78','Melyssa B. Carroll');
Insert into SYSTEM.MANUFACTERS (ID_MANUFACTER,MANUFACTERNAME) values ('79','Thomas A. Santos');
Insert into SYSTEM.MANUFACTERS (ID_MANUFACTER,MANUFACTERNAME) values ('80','Shafira Z. Rivers');
Insert into SYSTEM.MANUFACTERS (ID_MANUFACTER,MANUFACTERNAME) values ('81','Anastasia W. Aguirre');
Insert into SYSTEM.MANUFACTERS (ID_MANUFACTER,MANUFACTERNAME) values ('82','Amelia P. Clark');
Insert into SYSTEM.MANUFACTERS (ID_MANUFACTER,MANUFACTERNAME) values ('83','Timothy Y. Garrison');
Insert into SYSTEM.MANUFACTERS (ID_MANUFACTER,MANUFACTERNAME) values ('84','Anthony E. Holloway');
Insert into SYSTEM.MANUFACTERS (ID_MANUFACTER,MANUFACTERNAME) values ('85','Unity X. Tate');
Insert into SYSTEM.MANUFACTERS (ID_MANUFACTER,MANUFACTERNAME) values ('86','Hanna Y. Zimmerman');
Insert into SYSTEM.MANUFACTERS (ID_MANUFACTER,MANUFACTERNAME) values ('87','Nicole K. Ball');
Insert into SYSTEM.MANUFACTERS (ID_MANUFACTER,MANUFACTERNAME) values ('88','Rahim U. Owen');
Insert into SYSTEM.MANUFACTERS (ID_MANUFACTER,MANUFACTERNAME) values ('89','Dominique V. Weeks');
Insert into SYSTEM.MANUFACTERS (ID_MANUFACTER,MANUFACTERNAME) values ('90','Trevor W. Ferguson');
Insert into SYSTEM.MANUFACTERS (ID_MANUFACTER,MANUFACTERNAME) values ('91','Bethany E. Alvarado');
Insert into SYSTEM.MANUFACTERS (ID_MANUFACTER,MANUFACTERNAME) values ('92','Kaseem L. Small');
Insert into SYSTEM.MANUFACTERS (ID_MANUFACTER,MANUFACTERNAME) values ('93','Stephanie H. Schneider');
Insert into SYSTEM.MANUFACTERS (ID_MANUFACTER,MANUFACTERNAME) values ('94','Xaviera Y. Woods');
Insert into SYSTEM.MANUFACTERS (ID_MANUFACTER,MANUFACTERNAME) values ('95','Grady B. White');
Insert into SYSTEM.MANUFACTERS (ID_MANUFACTER,MANUFACTERNAME) values ('96','Peter Y. Silva');
Insert into SYSTEM.MANUFACTERS (ID_MANUFACTER,MANUFACTERNAME) values ('97','Emery U. Gomez');
Insert into SYSTEM.MANUFACTERS (ID_MANUFACTER,MANUFACTERNAME) values ('98','Elmo K. Whitaker');
Insert into SYSTEM.MANUFACTERS (ID_MANUFACTER,MANUFACTERNAME) values ('99','Noelle S. Patel');
Insert into SYSTEM.MANUFACTERS (ID_MANUFACTER,MANUFACTERNAME) values ('100','Kareem T. Whitehead');
REM INSERTING into SYSTEM.SALES_PERSONS
SET DEFINE OFF;
Insert into SYSTEM.SALES_PERSONS (ID_SALES_PERSON,CELL_SALES_PERSON,ADDRESS_SALES_PERSON,QTY_SALES,NAME) values ('9001','1601051688299','296-2518 Montes, Rd.','3000','Short, Odessa S.');
Insert into SYSTEM.SALES_PERSONS (ID_SALES_PERSON,CELL_SALES_PERSON,ADDRESS_SALES_PERSON,QTY_SALES,NAME) values ('9002','1631033035899','924-6454 Pellentesque Road','3005','Olsen, Veda S.');
Insert into SYSTEM.SALES_PERSONS (ID_SALES_PERSON,CELL_SALES_PERSON,ADDRESS_SALES_PERSON,QTY_SALES,NAME) values ('9003','1624051742599','287-5160 Orci Rd.','3010','Hartman, Cadman D.');
Insert into SYSTEM.SALES_PERSONS (ID_SALES_PERSON,CELL_SALES_PERSON,ADDRESS_SALES_PERSON,QTY_SALES,NAME) values ('9004','1687042027599','Ap #331-755 Donec Av.','3015','Sweeney, Jack P.');
Insert into SYSTEM.SALES_PERSONS (ID_SALES_PERSON,CELL_SALES_PERSON,ADDRESS_SALES_PERSON,QTY_SALES,NAME) values ('9005','1663081076599','735-5515 Massa Rd.','3020','Carlson, Quin P.');
Insert into SYSTEM.SALES_PERSONS (ID_SALES_PERSON,CELL_SALES_PERSON,ADDRESS_SALES_PERSON,QTY_SALES,NAME) values ('9006','1653102852399','P.O. Box 456, 4130 Integer Road','3025','Saunders, Karly X.');
Insert into SYSTEM.SALES_PERSONS (ID_SALES_PERSON,CELL_SALES_PERSON,ADDRESS_SALES_PERSON,QTY_SALES,NAME) values ('9007','1665102483499','P.O. Box 881, 4581 At, Street','3030','Ward, Rafael Y.');
Insert into SYSTEM.SALES_PERSONS (ID_SALES_PERSON,CELL_SALES_PERSON,ADDRESS_SALES_PERSON,QTY_SALES,NAME) values ('9008','1608091181399','3530 Orci St.','3035','Bennett, Colin Y.');
Insert into SYSTEM.SALES_PERSONS (ID_SALES_PERSON,CELL_SALES_PERSON,ADDRESS_SALES_PERSON,QTY_SALES,NAME) values ('9009','1642082588799','Ap #722-2030 Curabitur Avenue','3040','Downs, Calvin F.');
Insert into SYSTEM.SALES_PERSONS (ID_SALES_PERSON,CELL_SALES_PERSON,ADDRESS_SALES_PERSON,QTY_SALES,NAME) values ('9010','1687022773999','P.O. Box 346, 4690 Elementum Road','3045','Buckley, Camilla S.');
Insert into SYSTEM.SALES_PERSONS (ID_SALES_PERSON,CELL_SALES_PERSON,ADDRESS_SALES_PERSON,QTY_SALES,NAME) values ('9011','1624100195999','9776 Nisl. Road','3050','King, Keiko D.');
Insert into SYSTEM.SALES_PERSONS (ID_SALES_PERSON,CELL_SALES_PERSON,ADDRESS_SALES_PERSON,QTY_SALES,NAME) values ('9012','1615082467699','4295 Neque Rd.','3055','Henry, Naomi B.');
Insert into SYSTEM.SALES_PERSONS (ID_SALES_PERSON,CELL_SALES_PERSON,ADDRESS_SALES_PERSON,QTY_SALES,NAME) values ('9013','1694062280099','1040 Phasellus Rd.','3060','Bryan, Riley D.');
Insert into SYSTEM.SALES_PERSONS (ID_SALES_PERSON,CELL_SALES_PERSON,ADDRESS_SALES_PERSON,QTY_SALES,NAME) values ('9014','1682090841699','P.O. Box 775, 1131 Pharetra St.','3065','Workman, Phelan M.');
Insert into SYSTEM.SALES_PERSONS (ID_SALES_PERSON,CELL_SALES_PERSON,ADDRESS_SALES_PERSON,QTY_SALES,NAME) values ('9015','1696072784499','Ap #299-2732 Magnis Rd.','3070','Leon, Rashad N.');
Insert into SYSTEM.SALES_PERSONS (ID_SALES_PERSON,CELL_SALES_PERSON,ADDRESS_SALES_PERSON,QTY_SALES,NAME) values ('9016','1621042732499','704-4004 Felis Rd.','3075','Gilbert, Sybil L.');
Insert into SYSTEM.SALES_PERSONS (ID_SALES_PERSON,CELL_SALES_PERSON,ADDRESS_SALES_PERSON,QTY_SALES,NAME) values ('9017','1636102963899','901-2425 Inceptos Rd.','3080','Schmidt, Katell D.');
Insert into SYSTEM.SALES_PERSONS (ID_SALES_PERSON,CELL_SALES_PERSON,ADDRESS_SALES_PERSON,QTY_SALES,NAME) values ('9018','1637110184899','Ap #344-9886 Tortor Rd.','3085','Bowers, Hashim F.');
Insert into SYSTEM.SALES_PERSONS (ID_SALES_PERSON,CELL_SALES_PERSON,ADDRESS_SALES_PERSON,QTY_SALES,NAME) values ('9019','1618103028999','912-5756 Eu, Ave','3090','Wynn, Edan P.');
Insert into SYSTEM.SALES_PERSONS (ID_SALES_PERSON,CELL_SALES_PERSON,ADDRESS_SALES_PERSON,QTY_SALES,NAME) values ('9020','1654123066099','503-7450 Nunc St.','3095','Mcintyre, Harriet Q.');
Insert into SYSTEM.SALES_PERSONS (ID_SALES_PERSON,CELL_SALES_PERSON,ADDRESS_SALES_PERSON,QTY_SALES,NAME) values ('9021','1649080662699','3182 Fringilla. Ave','3100','Roth, Nathan W.');
Insert into SYSTEM.SALES_PERSONS (ID_SALES_PERSON,CELL_SALES_PERSON,ADDRESS_SALES_PERSON,QTY_SALES,NAME) values ('9022','1633081334499','P.O. Box 221, 2496 Sit Road','3105','Hayden, Vera D.');
Insert into SYSTEM.SALES_PERSONS (ID_SALES_PERSON,CELL_SALES_PERSON,ADDRESS_SALES_PERSON,QTY_SALES,NAME) values ('9023','1689022177199','943-2070 Odio. Rd.','3110','House, Ariel B.');
Insert into SYSTEM.SALES_PERSONS (ID_SALES_PERSON,CELL_SALES_PERSON,ADDRESS_SALES_PERSON,QTY_SALES,NAME) values ('9024','1649041857499','Ap #236-3532 Quis, Ave','3115','Mccall, Craig A.');
Insert into SYSTEM.SALES_PERSONS (ID_SALES_PERSON,CELL_SALES_PERSON,ADDRESS_SALES_PERSON,QTY_SALES,NAME) values ('9025','1606081449199','7763 Netus Avenue','3120','Tanner, William V.');
Insert into SYSTEM.SALES_PERSONS (ID_SALES_PERSON,CELL_SALES_PERSON,ADDRESS_SALES_PERSON,QTY_SALES,NAME) values ('9026','1680061985399','P.O. Box 573, 1209 Consequat Road','3125','Abbott, Imogene N.');
Insert into SYSTEM.SALES_PERSONS (ID_SALES_PERSON,CELL_SALES_PERSON,ADDRESS_SALES_PERSON,QTY_SALES,NAME) values ('9027','1669062794899','533 Velit Av.','3130','Winters, Cairo Z.');
Insert into SYSTEM.SALES_PERSONS (ID_SALES_PERSON,CELL_SALES_PERSON,ADDRESS_SALES_PERSON,QTY_SALES,NAME) values ('9028','1620101989499','P.O. Box 937, 9218 Sociis Avenue','3135','Barr, Imani G.');
Insert into SYSTEM.SALES_PERSONS (ID_SALES_PERSON,CELL_SALES_PERSON,ADDRESS_SALES_PERSON,QTY_SALES,NAME) values ('9029','1646121887999','P.O. Box 507, 1868 Risus. Road','3140','Stanton, Gary A.');
Insert into SYSTEM.SALES_PERSONS (ID_SALES_PERSON,CELL_SALES_PERSON,ADDRESS_SALES_PERSON,QTY_SALES,NAME) values ('9030','1657020257299','Ap #843-6561 Nunc Ave','3145','Blair, Xandra Q.');
Insert into SYSTEM.SALES_PERSONS (ID_SALES_PERSON,CELL_SALES_PERSON,ADDRESS_SALES_PERSON,QTY_SALES,NAME) values ('9031','1668082202799','6733 Consequat Rd.','3150','Branch, Charissa M.');
Insert into SYSTEM.SALES_PERSONS (ID_SALES_PERSON,CELL_SALES_PERSON,ADDRESS_SALES_PERSON,QTY_SALES,NAME) values ('9032','1602122913099','P.O. Box 715, 3490 Condimentum. Ave','3155','Pittman, Noah O.');
Insert into SYSTEM.SALES_PERSONS (ID_SALES_PERSON,CELL_SALES_PERSON,ADDRESS_SALES_PERSON,QTY_SALES,NAME) values ('9033','1669020324999','578-1608 Auctor Rd.','3160','Joyner, Kadeem M.');
Insert into SYSTEM.SALES_PERSONS (ID_SALES_PERSON,CELL_SALES_PERSON,ADDRESS_SALES_PERSON,QTY_SALES,NAME) values ('9034','1648080440399','P.O. Box 159, 2871 Ullamcorper Rd.','3165','Leach, Brennan D.');
Insert into SYSTEM.SALES_PERSONS (ID_SALES_PERSON,CELL_SALES_PERSON,ADDRESS_SALES_PERSON,QTY_SALES,NAME) values ('9035','1618121130599','231-5301 Pellentesque Road','3170','Quinn, Rinah E.');
Insert into SYSTEM.SALES_PERSONS (ID_SALES_PERSON,CELL_SALES_PERSON,ADDRESS_SALES_PERSON,QTY_SALES,NAME) values ('9036','1673041124899','4241 Aliquet. Rd.','3175','Cortez, Noble S.');
Insert into SYSTEM.SALES_PERSONS (ID_SALES_PERSON,CELL_SALES_PERSON,ADDRESS_SALES_PERSON,QTY_SALES,NAME) values ('9037','1693082164199','2784 Eleifend Avenue','3180','Cox, Plato A.');
Insert into SYSTEM.SALES_PERSONS (ID_SALES_PERSON,CELL_SALES_PERSON,ADDRESS_SALES_PERSON,QTY_SALES,NAME) values ('9038','1641030962799','8532 Lacinia Rd.','3185','Callahan, Candice S.');
Insert into SYSTEM.SALES_PERSONS (ID_SALES_PERSON,CELL_SALES_PERSON,ADDRESS_SALES_PERSON,QTY_SALES,NAME) values ('9039','1612031036799','P.O. Box 398, 1979 Orci. Ave','3190','Sanders, Charde E.');
Insert into SYSTEM.SALES_PERSONS (ID_SALES_PERSON,CELL_SALES_PERSON,ADDRESS_SALES_PERSON,QTY_SALES,NAME) values ('9040','1671051032799','P.O. Box 165, 7729 Dui Avenue','3195','Wise, Dean M.');
Insert into SYSTEM.SALES_PERSONS (ID_SALES_PERSON,CELL_SALES_PERSON,ADDRESS_SALES_PERSON,QTY_SALES,NAME) values ('9041','1626041296899','750-683 Laoreet, Rd.','3200','Melendez, Henry O.');
Insert into SYSTEM.SALES_PERSONS (ID_SALES_PERSON,CELL_SALES_PERSON,ADDRESS_SALES_PERSON,QTY_SALES,NAME) values ('9042','1644011716099','Ap #274-9772 Enim Rd.','3205','Grimes, Marshall O.');
Insert into SYSTEM.SALES_PERSONS (ID_SALES_PERSON,CELL_SALES_PERSON,ADDRESS_SALES_PERSON,QTY_SALES,NAME) values ('9043','1691010552699','Ap #431-6130 Tincidunt, Av.','3210','Ferrell, Macaulay R.');
Insert into SYSTEM.SALES_PERSONS (ID_SALES_PERSON,CELL_SALES_PERSON,ADDRESS_SALES_PERSON,QTY_SALES,NAME) values ('9044','1612022837899','P.O. Box 688, 3102 Est, Rd.','3215','Hoover, Kirsten P.');
Insert into SYSTEM.SALES_PERSONS (ID_SALES_PERSON,CELL_SALES_PERSON,ADDRESS_SALES_PERSON,QTY_SALES,NAME) values ('9045','1610040635899','679-8368 Arcu Road','3220','Head, Calista C.');
Insert into SYSTEM.SALES_PERSONS (ID_SALES_PERSON,CELL_SALES_PERSON,ADDRESS_SALES_PERSON,QTY_SALES,NAME) values ('9046','1698101684199','4243 Aliquam Street','3225','Hampton, Grace L.');
Insert into SYSTEM.SALES_PERSONS (ID_SALES_PERSON,CELL_SALES_PERSON,ADDRESS_SALES_PERSON,QTY_SALES,NAME) values ('9047','1625012603499','Ap #692-5518 Amet Rd.','3230','Welch, Nyssa K.');
Insert into SYSTEM.SALES_PERSONS (ID_SALES_PERSON,CELL_SALES_PERSON,ADDRESS_SALES_PERSON,QTY_SALES,NAME) values ('9048','1672040158299','697-3974 Et Avenue','3235','Gonzalez, Zephr L.');
Insert into SYSTEM.SALES_PERSONS (ID_SALES_PERSON,CELL_SALES_PERSON,ADDRESS_SALES_PERSON,QTY_SALES,NAME) values ('9049','1617020445199','Ap #629-3747 Fermentum St.','3240','Boyle, Fay R.');
Insert into SYSTEM.SALES_PERSONS (ID_SALES_PERSON,CELL_SALES_PERSON,ADDRESS_SALES_PERSON,QTY_SALES,NAME) values ('9050','1686010632699','9658 Eget St.','3245','Phelps, Aline H.');
Insert into SYSTEM.SALES_PERSONS (ID_SALES_PERSON,CELL_SALES_PERSON,ADDRESS_SALES_PERSON,QTY_SALES,NAME) values ('9051','1645021444299','P.O. Box 263, 6316 Gravida St.','3250','Alston, Bevis H.');
Insert into SYSTEM.SALES_PERSONS (ID_SALES_PERSON,CELL_SALES_PERSON,ADDRESS_SALES_PERSON,QTY_SALES,NAME) values ('9052','1659062203699','251-9665 Magna Avenue','3255','Sanford, Armand S.');
Insert into SYSTEM.SALES_PERSONS (ID_SALES_PERSON,CELL_SALES_PERSON,ADDRESS_SALES_PERSON,QTY_SALES,NAME) values ('9053','1696041017899','P.O. Box 451, 2057 Odio Rd.','3260','Roberson, Jana I.');
Insert into SYSTEM.SALES_PERSONS (ID_SALES_PERSON,CELL_SALES_PERSON,ADDRESS_SALES_PERSON,QTY_SALES,NAME) values ('9054','1634080917499','772-2740 Tristique Rd.','3265','Poole, Austin E.');
Insert into SYSTEM.SALES_PERSONS (ID_SALES_PERSON,CELL_SALES_PERSON,ADDRESS_SALES_PERSON,QTY_SALES,NAME) values ('9055','1607050930199','Ap #888-3132 Vitae, Avenue','3270','Potter, Adara W.');
Insert into SYSTEM.SALES_PERSONS (ID_SALES_PERSON,CELL_SALES_PERSON,ADDRESS_SALES_PERSON,QTY_SALES,NAME) values ('9056','1659112843999','P.O. Box 373, 536 Sapien. Ave','3275','Craig, Hayes L.');
Insert into SYSTEM.SALES_PERSONS (ID_SALES_PERSON,CELL_SALES_PERSON,ADDRESS_SALES_PERSON,QTY_SALES,NAME) values ('9057','1689070161899','8392 Nec, Road','3280','Salazar, Murphy P.');
Insert into SYSTEM.SALES_PERSONS (ID_SALES_PERSON,CELL_SALES_PERSON,ADDRESS_SALES_PERSON,QTY_SALES,NAME) values ('9058','1650112635299','P.O. Box 954, 5558 Vitae, Avenue','3285','Sherman, Ruby N.');
Insert into SYSTEM.SALES_PERSONS (ID_SALES_PERSON,CELL_SALES_PERSON,ADDRESS_SALES_PERSON,QTY_SALES,NAME) values ('9059','1635041000899','316-1269 Nisi. Rd.','3290','Beard, Francis X.');
Insert into SYSTEM.SALES_PERSONS (ID_SALES_PERSON,CELL_SALES_PERSON,ADDRESS_SALES_PERSON,QTY_SALES,NAME) values ('9060','1684111916599','595-3506 Adipiscing Av.','3295','Green, Akeem E.');
Insert into SYSTEM.SALES_PERSONS (ID_SALES_PERSON,CELL_SALES_PERSON,ADDRESS_SALES_PERSON,QTY_SALES,NAME) values ('9061','1605082542199','2254 Ut Avenue','3300','Vincent, Amena G.');
Insert into SYSTEM.SALES_PERSONS (ID_SALES_PERSON,CELL_SALES_PERSON,ADDRESS_SALES_PERSON,QTY_SALES,NAME) values ('9062','1665051196499','6697 Phasellus Street','3305','Gaines, Medge V.');
Insert into SYSTEM.SALES_PERSONS (ID_SALES_PERSON,CELL_SALES_PERSON,ADDRESS_SALES_PERSON,QTY_SALES,NAME) values ('9063','1623050371999','2465 Lorem Street','3310','Burt, Emmanuel C.');
Insert into SYSTEM.SALES_PERSONS (ID_SALES_PERSON,CELL_SALES_PERSON,ADDRESS_SALES_PERSON,QTY_SALES,NAME) values ('9064','1667032373499','118-2879 Enim. Street','3315','Conrad, Drake Z.');
Insert into SYSTEM.SALES_PERSONS (ID_SALES_PERSON,CELL_SALES_PERSON,ADDRESS_SALES_PERSON,QTY_SALES,NAME) values ('9065','1661062956699','P.O. Box 794, 2305 Integer Ave','3320','Gates, Noel H.');
Insert into SYSTEM.SALES_PERSONS (ID_SALES_PERSON,CELL_SALES_PERSON,ADDRESS_SALES_PERSON,QTY_SALES,NAME) values ('9066','1653042421599','P.O. Box 787, 8458 Rhoncus Ave','3325','Velasquez, Sopoline K.');
Insert into SYSTEM.SALES_PERSONS (ID_SALES_PERSON,CELL_SALES_PERSON,ADDRESS_SALES_PERSON,QTY_SALES,NAME) values ('9067','1675081072499','P.O. Box 553, 4148 Vestibulum Road','3330','Roberson, Lareina D.');
Insert into SYSTEM.SALES_PERSONS (ID_SALES_PERSON,CELL_SALES_PERSON,ADDRESS_SALES_PERSON,QTY_SALES,NAME) values ('9068','1634022463799','8577 Ullamcorper St.','3335','Hartman, Nelle J.');
Insert into SYSTEM.SALES_PERSONS (ID_SALES_PERSON,CELL_SALES_PERSON,ADDRESS_SALES_PERSON,QTY_SALES,NAME) values ('9069','1639073006999','7164 Ligula Rd.','3340','Gay, Jakeem P.');
Insert into SYSTEM.SALES_PERSONS (ID_SALES_PERSON,CELL_SALES_PERSON,ADDRESS_SALES_PERSON,QTY_SALES,NAME) values ('9070','1688102217999','P.O. Box 506, 1662 Mauris, St.','3345','Lloyd, Melissa M.');
Insert into SYSTEM.SALES_PERSONS (ID_SALES_PERSON,CELL_SALES_PERSON,ADDRESS_SALES_PERSON,QTY_SALES,NAME) values ('9071','1685010149499','6524 Mauris Av.','3350','Coleman, Florence R.');
Insert into SYSTEM.SALES_PERSONS (ID_SALES_PERSON,CELL_SALES_PERSON,ADDRESS_SALES_PERSON,QTY_SALES,NAME) values ('9072','1679052589399','Ap #224-4860 Nullam St.','3355','Watson, Duncan Z.');
Insert into SYSTEM.SALES_PERSONS (ID_SALES_PERSON,CELL_SALES_PERSON,ADDRESS_SALES_PERSON,QTY_SALES,NAME) values ('9073','1627122987599','Ap #602-9317 Tristique Avenue','3360','Adkins, Kadeem Y.');
Insert into SYSTEM.SALES_PERSONS (ID_SALES_PERSON,CELL_SALES_PERSON,ADDRESS_SALES_PERSON,QTY_SALES,NAME) values ('9074','1693012863499','P.O. Box 776, 5558 Enim St.','3365','Yates, Lael V.');
Insert into SYSTEM.SALES_PERSONS (ID_SALES_PERSON,CELL_SALES_PERSON,ADDRESS_SALES_PERSON,QTY_SALES,NAME) values ('9075','1620121070399','502-7994 A St.','3370','Perkins, Jack F.');
Insert into SYSTEM.SALES_PERSONS (ID_SALES_PERSON,CELL_SALES_PERSON,ADDRESS_SALES_PERSON,QTY_SALES,NAME) values ('9076','1645120608299','Ap #768-4915 Fringilla, Rd.','3375','Scott, Ignatius E.');
Insert into SYSTEM.SALES_PERSONS (ID_SALES_PERSON,CELL_SALES_PERSON,ADDRESS_SALES_PERSON,QTY_SALES,NAME) values ('9077','1657050817099','904-6112 Quisque Rd.','3380','Short, Eliana R.');
Insert into SYSTEM.SALES_PERSONS (ID_SALES_PERSON,CELL_SALES_PERSON,ADDRESS_SALES_PERSON,QTY_SALES,NAME) values ('9078','1628052779499','Ap #226-5069 Ut, Avenue','3385','Oneill, Tamekah M.');
Insert into SYSTEM.SALES_PERSONS (ID_SALES_PERSON,CELL_SALES_PERSON,ADDRESS_SALES_PERSON,QTY_SALES,NAME) values ('9079','1674032001399','358 At, Rd.','3390','Nelson, Denise I.');
Insert into SYSTEM.SALES_PERSONS (ID_SALES_PERSON,CELL_SALES_PERSON,ADDRESS_SALES_PERSON,QTY_SALES,NAME) values ('9080','1615030856499','Ap #503-935 Aliquam Road','3395','Wolf, Gannon B.');
Insert into SYSTEM.SALES_PERSONS (ID_SALES_PERSON,CELL_SALES_PERSON,ADDRESS_SALES_PERSON,QTY_SALES,NAME) values ('9081','1630032700299','293-6996 Vitae Rd.','3400','England, Eaton W.');
Insert into SYSTEM.SALES_PERSONS (ID_SALES_PERSON,CELL_SALES_PERSON,ADDRESS_SALES_PERSON,QTY_SALES,NAME) values ('9082','1660021724399','Ap #947-1813 Lacus. Ave','3405','Aguilar, Amy U.');
Insert into SYSTEM.SALES_PERSONS (ID_SALES_PERSON,CELL_SALES_PERSON,ADDRESS_SALES_PERSON,QTY_SALES,NAME) values ('9083','1677121504599','P.O. Box 111, 7795 Turpis. Avenue','3410','Williams, Darryl K.');
Insert into SYSTEM.SALES_PERSONS (ID_SALES_PERSON,CELL_SALES_PERSON,ADDRESS_SALES_PERSON,QTY_SALES,NAME) values ('9084','1670041427799','1995 Varius. Av.','3415','Mcmahon, Herrod Y.');
Insert into SYSTEM.SALES_PERSONS (ID_SALES_PERSON,CELL_SALES_PERSON,ADDRESS_SALES_PERSON,QTY_SALES,NAME) values ('9085','1669070864199','Ap #158-2249 Gravida Av.','3420','Harmon, Winter V.');
Insert into SYSTEM.SALES_PERSONS (ID_SALES_PERSON,CELL_SALES_PERSON,ADDRESS_SALES_PERSON,QTY_SALES,NAME) values ('9086','1694062843899','P.O. Box 909, 6058 Diam St.','3425','Austin, Xerxes M.');
Insert into SYSTEM.SALES_PERSONS (ID_SALES_PERSON,CELL_SALES_PERSON,ADDRESS_SALES_PERSON,QTY_SALES,NAME) values ('9087','1696080680499','P.O. Box 387, 888 Cras St.','3430','Bryan, Nathaniel U.');
Insert into SYSTEM.SALES_PERSONS (ID_SALES_PERSON,CELL_SALES_PERSON,ADDRESS_SALES_PERSON,QTY_SALES,NAME) values ('9088','1685041216599','9892 Feugiat. Ave','3435','Schultz, Sylvester Q.');
Insert into SYSTEM.SALES_PERSONS (ID_SALES_PERSON,CELL_SALES_PERSON,ADDRESS_SALES_PERSON,QTY_SALES,NAME) values ('9089','1601012982099','P.O. Box 245, 6750 Tincidunt, St.','3440','Cole, Chancellor S.');
Insert into SYSTEM.SALES_PERSONS (ID_SALES_PERSON,CELL_SALES_PERSON,ADDRESS_SALES_PERSON,QTY_SALES,NAME) values ('9090','1669041731199','Ap #364-635 Non Ave','3445','Gaines, Hedy F.');
Insert into SYSTEM.SALES_PERSONS (ID_SALES_PERSON,CELL_SALES_PERSON,ADDRESS_SALES_PERSON,QTY_SALES,NAME) values ('9091','1643062398099','Ap #191-8721 Nunc Av.','3450','Beck, Brock J.');
Insert into SYSTEM.SALES_PERSONS (ID_SALES_PERSON,CELL_SALES_PERSON,ADDRESS_SALES_PERSON,QTY_SALES,NAME) values ('9092','1613090324499','7523 Quis Ave','3455','Carpenter, Quentin N.');
Insert into SYSTEM.SALES_PERSONS (ID_SALES_PERSON,CELL_SALES_PERSON,ADDRESS_SALES_PERSON,QTY_SALES,NAME) values ('9093','1602051545699','6264 Nisi. Rd.','3460','Tanner, Damon B.');
Insert into SYSTEM.SALES_PERSONS (ID_SALES_PERSON,CELL_SALES_PERSON,ADDRESS_SALES_PERSON,QTY_SALES,NAME) values ('9094','1644012643499','Ap #623-2917 Tincidunt, Street','3465','Maddox, Nerea Q.');
Insert into SYSTEM.SALES_PERSONS (ID_SALES_PERSON,CELL_SALES_PERSON,ADDRESS_SALES_PERSON,QTY_SALES,NAME) values ('9095','1650070801299','514-3909 Nullam Rd.','3470','Valentine, Desirae U.');
Insert into SYSTEM.SALES_PERSONS (ID_SALES_PERSON,CELL_SALES_PERSON,ADDRESS_SALES_PERSON,QTY_SALES,NAME) values ('9096','1662090732499','Ap #268-181 Curabitur Street','3475','Mejia, Morgan K.');
Insert into SYSTEM.SALES_PERSONS (ID_SALES_PERSON,CELL_SALES_PERSON,ADDRESS_SALES_PERSON,QTY_SALES,NAME) values ('9097','1626031619299','P.O. Box 427, 1404 Cubilia Road','3480','Sherman, Ila L.');
Insert into SYSTEM.SALES_PERSONS (ID_SALES_PERSON,CELL_SALES_PERSON,ADDRESS_SALES_PERSON,QTY_SALES,NAME) values ('9098','1615122994199','P.O. Box 731, 8327 Egestas Rd.','3485','Baird, Honorato B.');
Insert into SYSTEM.SALES_PERSONS (ID_SALES_PERSON,CELL_SALES_PERSON,ADDRESS_SALES_PERSON,QTY_SALES,NAME) values ('9099','1608061574699','951-5445 Sed St.','3490','Goff, Magee H.');
Insert into SYSTEM.SALES_PERSONS (ID_SALES_PERSON,CELL_SALES_PERSON,ADDRESS_SALES_PERSON,QTY_SALES,NAME) values ('9100','1636050412799','P.O. Box 226, 1977 In St.','3495','Baker, Lesley M.');
REM INSERTING into SYSTEM.VEHICLES
SET DEFINE OFF;
Insert into SYSTEM.VEHICLES (ID_VEHICLE,CODE,VEHICLE_NAME,VEHICLE_COST,VEHICLE_SERIES,VEHICLE_MARK,VEHICLE_MODEL,VEHICLE_YEAR,ID_MANUFACTER,VEHICLE_STATUS) values ('1','100','Wayne Booker','5120','4928','vel,','08/27/2017','Sep 24, 2018','91','NEW');
Insert into SYSTEM.VEHICLES (ID_VEHICLE,CODE,VEHICLE_NAME,VEHICLE_COST,VEHICLE_SERIES,VEHICLE_MARK,VEHICLE_MODEL,VEHICLE_YEAR,ID_MANUFACTER,VEHICLE_STATUS) values ('2','101','Brian Jenkins','3786','3191','velit.','05/05/2018','Nov 3, 2017','82','NEW');
Insert into SYSTEM.VEHICLES (ID_VEHICLE,CODE,VEHICLE_NAME,VEHICLE_COST,VEHICLE_SERIES,VEHICLE_MARK,VEHICLE_MODEL,VEHICLE_YEAR,ID_MANUFACTER,VEHICLE_STATUS) values ('3','102','Rebekah D. Tucker','3159','9623','eu','06/12/2017','Jan 28, 2017','98','NEW');
Insert into SYSTEM.VEHICLES (ID_VEHICLE,CODE,VEHICLE_NAME,VEHICLE_COST,VEHICLE_SERIES,VEHICLE_MARK,VEHICLE_MODEL,VEHICLE_YEAR,ID_MANUFACTER,VEHICLE_STATUS) values ('4','103','Martin Mcguire','5141','9372','nostra,','06/06/2018','Jan 21, 2017','48','NEW');
Insert into SYSTEM.VEHICLES (ID_VEHICLE,CODE,VEHICLE_NAME,VEHICLE_COST,VEHICLE_SERIES,VEHICLE_MARK,VEHICLE_MODEL,VEHICLE_YEAR,ID_MANUFACTER,VEHICLE_STATUS) values ('5','104','Griffith Gibbs','5880','5089','egestas','01/16/2018','Oct 31, 2018','29','NEW');
Insert into SYSTEM.VEHICLES (ID_VEHICLE,CODE,VEHICLE_NAME,VEHICLE_COST,VEHICLE_SERIES,VEHICLE_MARK,VEHICLE_MODEL,VEHICLE_YEAR,ID_MANUFACTER,VEHICLE_STATUS) values ('6','105','Keefe Myers','6641','6629','ac','01/02/2018','Jul 12, 2018','52','NEW');
Insert into SYSTEM.VEHICLES (ID_VEHICLE,CODE,VEHICLE_NAME,VEHICLE_COST,VEHICLE_SERIES,VEHICLE_MARK,VEHICLE_MODEL,VEHICLE_YEAR,ID_MANUFACTER,VEHICLE_STATUS) values ('7','106','Samuel B. Barron','5014','8945','mauris','10/28/2017','Aug 1, 2017','16','NEW');
Insert into SYSTEM.VEHICLES (ID_VEHICLE,CODE,VEHICLE_NAME,VEHICLE_COST,VEHICLE_SERIES,VEHICLE_MARK,VEHICLE_MODEL,VEHICLE_YEAR,ID_MANUFACTER,VEHICLE_STATUS) values ('8','107','Naida Colon','2844','9243','elit.','05/22/2018','Aug 24, 2017','5','NEW');
Insert into SYSTEM.VEHICLES (ID_VEHICLE,CODE,VEHICLE_NAME,VEHICLE_COST,VEHICLE_SERIES,VEHICLE_MARK,VEHICLE_MODEL,VEHICLE_YEAR,ID_MANUFACTER,VEHICLE_STATUS) values ('9','108','Lysandra Decker','4173','5770','quis','12/07/2017','Apr 8, 2017','17','NEW');
Insert into SYSTEM.VEHICLES (ID_VEHICLE,CODE,VEHICLE_NAME,VEHICLE_COST,VEHICLE_SERIES,VEHICLE_MARK,VEHICLE_MODEL,VEHICLE_YEAR,ID_MANUFACTER,VEHICLE_STATUS) values ('10','109','Ulla Glenn','6369','8686','Donec','11/06/2017','Apr 6, 2017','100','NEW');
Insert into SYSTEM.VEHICLES (ID_VEHICLE,CODE,VEHICLE_NAME,VEHICLE_COST,VEHICLE_SERIES,VEHICLE_MARK,VEHICLE_MODEL,VEHICLE_YEAR,ID_MANUFACTER,VEHICLE_STATUS) values ('11','110','Justine Petersen','7995','6915','In','12/04/2017','May 28, 2018','79','NEW');
Insert into SYSTEM.VEHICLES (ID_VEHICLE,CODE,VEHICLE_NAME,VEHICLE_COST,VEHICLE_SERIES,VEHICLE_MARK,VEHICLE_MODEL,VEHICLE_YEAR,ID_MANUFACTER,VEHICLE_STATUS) values ('12','111','Owen Mckenzie','3661','8224','dolor','08/06/2017','Feb 3, 2018','24','NEW');
Insert into SYSTEM.VEHICLES (ID_VEHICLE,CODE,VEHICLE_NAME,VEHICLE_COST,VEHICLE_SERIES,VEHICLE_MARK,VEHICLE_MODEL,VEHICLE_YEAR,ID_MANUFACTER,VEHICLE_STATUS) values ('13','112','Ian E. Barron','2301','6502','porttitor','10/12/2018','Feb 12, 2018','67','NEW');
Insert into SYSTEM.VEHICLES (ID_VEHICLE,CODE,VEHICLE_NAME,VEHICLE_COST,VEHICLE_SERIES,VEHICLE_MARK,VEHICLE_MODEL,VEHICLE_YEAR,ID_MANUFACTER,VEHICLE_STATUS) values ('14','113','Kimberly Hansen','6184','4006','quis,','08/01/2018','Oct 10, 2017','3','NEW');
Insert into SYSTEM.VEHICLES (ID_VEHICLE,CODE,VEHICLE_NAME,VEHICLE_COST,VEHICLE_SERIES,VEHICLE_MARK,VEHICLE_MODEL,VEHICLE_YEAR,ID_MANUFACTER,VEHICLE_STATUS) values ('15','114','Yetta Ford','2575','7247','euismod','02/08/2018','Jul 22, 2018','3','NEW');
Insert into SYSTEM.VEHICLES (ID_VEHICLE,CODE,VEHICLE_NAME,VEHICLE_COST,VEHICLE_SERIES,VEHICLE_MARK,VEHICLE_MODEL,VEHICLE_YEAR,ID_MANUFACTER,VEHICLE_STATUS) values ('16','115','Oleg O. Horton','2197','7524','cursus','11/18/2017','Aug 7, 2018','58','NEW');
Insert into SYSTEM.VEHICLES (ID_VEHICLE,CODE,VEHICLE_NAME,VEHICLE_COST,VEHICLE_SERIES,VEHICLE_MARK,VEHICLE_MODEL,VEHICLE_YEAR,ID_MANUFACTER,VEHICLE_STATUS) values ('17','116','Riley Henson','9389','9367','Aenean','01/09/2017','Dec 9, 2016','94','NEW');
Insert into SYSTEM.VEHICLES (ID_VEHICLE,CODE,VEHICLE_NAME,VEHICLE_COST,VEHICLE_SERIES,VEHICLE_MARK,VEHICLE_MODEL,VEHICLE_YEAR,ID_MANUFACTER,VEHICLE_STATUS) values ('18','117','Kiayada Blackburn','8023','1956','sem','03/17/2017','Mar 19, 2018','81','NEW');
Insert into SYSTEM.VEHICLES (ID_VEHICLE,CODE,VEHICLE_NAME,VEHICLE_COST,VEHICLE_SERIES,VEHICLE_MARK,VEHICLE_MODEL,VEHICLE_YEAR,ID_MANUFACTER,VEHICLE_STATUS) values ('19','118','Dorian Bradshaw','8527','9286','varius','02/06/2018','Oct 13, 2017','82','NEW');
Insert into SYSTEM.VEHICLES (ID_VEHICLE,CODE,VEHICLE_NAME,VEHICLE_COST,VEHICLE_SERIES,VEHICLE_MARK,VEHICLE_MODEL,VEHICLE_YEAR,ID_MANUFACTER,VEHICLE_STATUS) values ('20','119','Keaton X. Campos','4071','3383','urna,','10/13/2018','Oct 31, 2017','41','NEW');
Insert into SYSTEM.VEHICLES (ID_VEHICLE,CODE,VEHICLE_NAME,VEHICLE_COST,VEHICLE_SERIES,VEHICLE_MARK,VEHICLE_MODEL,VEHICLE_YEAR,ID_MANUFACTER,VEHICLE_STATUS) values ('21','120','Channing R. Sexton','3217','8574','nibh','03/27/2017','Dec 2, 2016','38','NEW');
Insert into SYSTEM.VEHICLES (ID_VEHICLE,CODE,VEHICLE_NAME,VEHICLE_COST,VEHICLE_SERIES,VEHICLE_MARK,VEHICLE_MODEL,VEHICLE_YEAR,ID_MANUFACTER,VEHICLE_STATUS) values ('22','121','Amos M. Murphy','9487','5330','Etiam','01/11/2018','Sep 7, 2017','42','NEW');
Insert into SYSTEM.VEHICLES (ID_VEHICLE,CODE,VEHICLE_NAME,VEHICLE_COST,VEHICLE_SERIES,VEHICLE_MARK,VEHICLE_MODEL,VEHICLE_YEAR,ID_MANUFACTER,VEHICLE_STATUS) values ('23','122','Sage I. Wolfe','8901','2842','ut','08/15/2017','Nov 18, 2017','69','NEW');
Insert into SYSTEM.VEHICLES (ID_VEHICLE,CODE,VEHICLE_NAME,VEHICLE_COST,VEHICLE_SERIES,VEHICLE_MARK,VEHICLE_MODEL,VEHICLE_YEAR,ID_MANUFACTER,VEHICLE_STATUS) values ('24','123','Cairo F. Finch','3609','3959','aliquam','08/18/2018','Dec 15, 2016','76','NEW');
Insert into SYSTEM.VEHICLES (ID_VEHICLE,CODE,VEHICLE_NAME,VEHICLE_COST,VEHICLE_SERIES,VEHICLE_MARK,VEHICLE_MODEL,VEHICLE_YEAR,ID_MANUFACTER,VEHICLE_STATUS) values ('25','124','Jessica F. Burton','8591','1910','magnis','12/09/2017','Jan 13, 2018','49','NEW');
Insert into SYSTEM.VEHICLES (ID_VEHICLE,CODE,VEHICLE_NAME,VEHICLE_COST,VEHICLE_SERIES,VEHICLE_MARK,VEHICLE_MODEL,VEHICLE_YEAR,ID_MANUFACTER,VEHICLE_STATUS) values ('26','125','Benjamin I. Frazier','5457','4766','metus','09/29/2018','Oct 27, 2017','17','NEW');
Insert into SYSTEM.VEHICLES (ID_VEHICLE,CODE,VEHICLE_NAME,VEHICLE_COST,VEHICLE_SERIES,VEHICLE_MARK,VEHICLE_MODEL,VEHICLE_YEAR,ID_MANUFACTER,VEHICLE_STATUS) values ('27','126','Eagan Winters','7320','6709','mollis.','06/05/2017','Apr 13, 2017','100','NEW');
Insert into SYSTEM.VEHICLES (ID_VEHICLE,CODE,VEHICLE_NAME,VEHICLE_COST,VEHICLE_SERIES,VEHICLE_MARK,VEHICLE_MODEL,VEHICLE_YEAR,ID_MANUFACTER,VEHICLE_STATUS) values ('28','127','Fay W. Hatfield','3786','6818','dictum','01/11/2018','May 7, 2018','80','NEW');
Insert into SYSTEM.VEHICLES (ID_VEHICLE,CODE,VEHICLE_NAME,VEHICLE_COST,VEHICLE_SERIES,VEHICLE_MARK,VEHICLE_MODEL,VEHICLE_YEAR,ID_MANUFACTER,VEHICLE_STATUS) values ('29','128','April P. Burke','5587','9237','non,','10/19/2017','Apr 15, 2018','60','NEW');
Insert into SYSTEM.VEHICLES (ID_VEHICLE,CODE,VEHICLE_NAME,VEHICLE_COST,VEHICLE_SERIES,VEHICLE_MARK,VEHICLE_MODEL,VEHICLE_YEAR,ID_MANUFACTER,VEHICLE_STATUS) values ('30','129','Odysseus Mays','5758','2650','vestibulum','06/19/2018','Oct 25, 2018','62','NEW');
Insert into SYSTEM.VEHICLES (ID_VEHICLE,CODE,VEHICLE_NAME,VEHICLE_COST,VEHICLE_SERIES,VEHICLE_MARK,VEHICLE_MODEL,VEHICLE_YEAR,ID_MANUFACTER,VEHICLE_STATUS) values ('31','130','Kadeem Le','2038','8023','orci','01/02/2018','Oct 13, 2017','60','NEW');
Insert into SYSTEM.VEHICLES (ID_VEHICLE,CODE,VEHICLE_NAME,VEHICLE_COST,VEHICLE_SERIES,VEHICLE_MARK,VEHICLE_MODEL,VEHICLE_YEAR,ID_MANUFACTER,VEHICLE_STATUS) values ('32','131','Holmes J. Carter','7504','8942','luctus','08/06/2018','Feb 21, 2018','86','NEW');
Insert into SYSTEM.VEHICLES (ID_VEHICLE,CODE,VEHICLE_NAME,VEHICLE_COST,VEHICLE_SERIES,VEHICLE_MARK,VEHICLE_MODEL,VEHICLE_YEAR,ID_MANUFACTER,VEHICLE_STATUS) values ('33','132','Chelsea X. Delaney','5926','8910','ut','04/28/2018','Mar 9, 2017','55','NEW');
Insert into SYSTEM.VEHICLES (ID_VEHICLE,CODE,VEHICLE_NAME,VEHICLE_COST,VEHICLE_SERIES,VEHICLE_MARK,VEHICLE_MODEL,VEHICLE_YEAR,ID_MANUFACTER,VEHICLE_STATUS) values ('34','133','Evangeline Rodgers','5817','6844','eleifend','05/22/2017','Mar 19, 2017','96','NEW');
Insert into SYSTEM.VEHICLES (ID_VEHICLE,CODE,VEHICLE_NAME,VEHICLE_COST,VEHICLE_SERIES,VEHICLE_MARK,VEHICLE_MODEL,VEHICLE_YEAR,ID_MANUFACTER,VEHICLE_STATUS) values ('35','134','Colorado Lowe','8262','9681','diam.','01/02/2018','Apr 14, 2017','56','NEW');
Insert into SYSTEM.VEHICLES (ID_VEHICLE,CODE,VEHICLE_NAME,VEHICLE_COST,VEHICLE_SERIES,VEHICLE_MARK,VEHICLE_MODEL,VEHICLE_YEAR,ID_MANUFACTER,VEHICLE_STATUS) values ('36','135','September Ayala','5918','6292','imperdiet','05/26/2017','Oct 15, 2018','95','TRADE');
Insert into SYSTEM.VEHICLES (ID_VEHICLE,CODE,VEHICLE_NAME,VEHICLE_COST,VEHICLE_SERIES,VEHICLE_MARK,VEHICLE_MODEL,VEHICLE_YEAR,ID_MANUFACTER,VEHICLE_STATUS) values ('37','136','Ryder Golden','6950','6154','Sed','07/18/2017','May 15, 2017','98','TRADE');
Insert into SYSTEM.VEHICLES (ID_VEHICLE,CODE,VEHICLE_NAME,VEHICLE_COST,VEHICLE_SERIES,VEHICLE_MARK,VEHICLE_MODEL,VEHICLE_YEAR,ID_MANUFACTER,VEHICLE_STATUS) values ('38','137','Travis R. Goodman','3758','2041','dapibus','11/11/2016','Mar 2, 2018','100','TRADE');
Insert into SYSTEM.VEHICLES (ID_VEHICLE,CODE,VEHICLE_NAME,VEHICLE_COST,VEHICLE_SERIES,VEHICLE_MARK,VEHICLE_MODEL,VEHICLE_YEAR,ID_MANUFACTER,VEHICLE_STATUS) values ('39','138','Arthur Mccoy','8664','9362','adipiscing','04/19/2017','Aug 2, 2018','94','TRADE');
Insert into SYSTEM.VEHICLES (ID_VEHICLE,CODE,VEHICLE_NAME,VEHICLE_COST,VEHICLE_SERIES,VEHICLE_MARK,VEHICLE_MODEL,VEHICLE_YEAR,ID_MANUFACTER,VEHICLE_STATUS) values ('40','139','Raphael Colon','3215','5538','fermentum','02/04/2018','Dec 11, 2016','70','TRADE');
Insert into SYSTEM.VEHICLES (ID_VEHICLE,CODE,VEHICLE_NAME,VEHICLE_COST,VEHICLE_SERIES,VEHICLE_MARK,VEHICLE_MODEL,VEHICLE_YEAR,ID_MANUFACTER,VEHICLE_STATUS) values ('41','140','Catherine Gilbert','3382','9708','lacinia','04/06/2018','Jun 19, 2018','52','TRADE');
Insert into SYSTEM.VEHICLES (ID_VEHICLE,CODE,VEHICLE_NAME,VEHICLE_COST,VEHICLE_SERIES,VEHICLE_MARK,VEHICLE_MODEL,VEHICLE_YEAR,ID_MANUFACTER,VEHICLE_STATUS) values ('42','141','Dolan K. Simmons','5667','3162','urna','07/06/2018','May 9, 2017','43','TRADE');
Insert into SYSTEM.VEHICLES (ID_VEHICLE,CODE,VEHICLE_NAME,VEHICLE_COST,VEHICLE_SERIES,VEHICLE_MARK,VEHICLE_MODEL,VEHICLE_YEAR,ID_MANUFACTER,VEHICLE_STATUS) values ('43','142','Noelle R. Bean','4403','2803','dignissim.','10/02/2017','Jun 12, 2018','34','TRADE');
Insert into SYSTEM.VEHICLES (ID_VEHICLE,CODE,VEHICLE_NAME,VEHICLE_COST,VEHICLE_SERIES,VEHICLE_MARK,VEHICLE_MODEL,VEHICLE_YEAR,ID_MANUFACTER,VEHICLE_STATUS) values ('44','143','Hop T. Curry','5355','4071','quam','07/30/2018','Feb 13, 2017','42','TRADE');
Insert into SYSTEM.VEHICLES (ID_VEHICLE,CODE,VEHICLE_NAME,VEHICLE_COST,VEHICLE_SERIES,VEHICLE_MARK,VEHICLE_MODEL,VEHICLE_YEAR,ID_MANUFACTER,VEHICLE_STATUS) values ('45','144','Abdul Valenzuela','7904','8891','ac','01/28/2018','Nov 6, 2017','78','TRADE');
Insert into SYSTEM.VEHICLES (ID_VEHICLE,CODE,VEHICLE_NAME,VEHICLE_COST,VEHICLE_SERIES,VEHICLE_MARK,VEHICLE_MODEL,VEHICLE_YEAR,ID_MANUFACTER,VEHICLE_STATUS) values ('46','145','Marsden O. Atkinson','5627','8348','elit,','12/16/2017','Sep 30, 2018','61','TRADE');
Insert into SYSTEM.VEHICLES (ID_VEHICLE,CODE,VEHICLE_NAME,VEHICLE_COST,VEHICLE_SERIES,VEHICLE_MARK,VEHICLE_MODEL,VEHICLE_YEAR,ID_MANUFACTER,VEHICLE_STATUS) values ('47','146','Illiana A. Mueller','9909','8691','dis','11/13/2016','Apr 5, 2018','75','TRADE');
Insert into SYSTEM.VEHICLES (ID_VEHICLE,CODE,VEHICLE_NAME,VEHICLE_COST,VEHICLE_SERIES,VEHICLE_MARK,VEHICLE_MODEL,VEHICLE_YEAR,ID_MANUFACTER,VEHICLE_STATUS) values ('48','147','Charity O. Long','7781','3840','tristique','09/02/2017','Apr 29, 2018','79','TRADE');
Insert into SYSTEM.VEHICLES (ID_VEHICLE,CODE,VEHICLE_NAME,VEHICLE_COST,VEHICLE_SERIES,VEHICLE_MARK,VEHICLE_MODEL,VEHICLE_YEAR,ID_MANUFACTER,VEHICLE_STATUS) values ('49','148','Xantha P. Calhoun','5609','2061','lacus.','09/28/2017','Apr 13, 2017','4','TRADE');
Insert into SYSTEM.VEHICLES (ID_VEHICLE,CODE,VEHICLE_NAME,VEHICLE_COST,VEHICLE_SERIES,VEHICLE_MARK,VEHICLE_MODEL,VEHICLE_YEAR,ID_MANUFACTER,VEHICLE_STATUS) values ('50','149','Barclay K. Dominguez','3857','4197','odio','10/09/2018','Mar 27, 2018','70','TRADE');
Insert into SYSTEM.VEHICLES (ID_VEHICLE,CODE,VEHICLE_NAME,VEHICLE_COST,VEHICLE_SERIES,VEHICLE_MARK,VEHICLE_MODEL,VEHICLE_YEAR,ID_MANUFACTER,VEHICLE_STATUS) values ('51','150','Jason A. Rose','9271','8226','elit,','06/22/2018','Feb 18, 2017','53','TRADE');
Insert into SYSTEM.VEHICLES (ID_VEHICLE,CODE,VEHICLE_NAME,VEHICLE_COST,VEHICLE_SERIES,VEHICLE_MARK,VEHICLE_MODEL,VEHICLE_YEAR,ID_MANUFACTER,VEHICLE_STATUS) values ('52','151','Jarrod Cote','4413','5703','vestibulum.','11/29/2016','Jun 26, 2017','93','TRADE');
Insert into SYSTEM.VEHICLES (ID_VEHICLE,CODE,VEHICLE_NAME,VEHICLE_COST,VEHICLE_SERIES,VEHICLE_MARK,VEHICLE_MODEL,VEHICLE_YEAR,ID_MANUFACTER,VEHICLE_STATUS) values ('53','152','Keiko Y. Lee','2905','6975','Aenean','11/11/2016','Sep 1, 2017','79','TRADE');
Insert into SYSTEM.VEHICLES (ID_VEHICLE,CODE,VEHICLE_NAME,VEHICLE_COST,VEHICLE_SERIES,VEHICLE_MARK,VEHICLE_MODEL,VEHICLE_YEAR,ID_MANUFACTER,VEHICLE_STATUS) values ('54','153','Axel S. Sandoval','3608','1678','mollis.','06/14/2018','May 20, 2017','15','TRADE');
Insert into SYSTEM.VEHICLES (ID_VEHICLE,CODE,VEHICLE_NAME,VEHICLE_COST,VEHICLE_SERIES,VEHICLE_MARK,VEHICLE_MODEL,VEHICLE_YEAR,ID_MANUFACTER,VEHICLE_STATUS) values ('55','154','Kim Sharpe','5941','5425','posuere','03/03/2017','Apr 28, 2018','11','TRADE');
Insert into SYSTEM.VEHICLES (ID_VEHICLE,CODE,VEHICLE_NAME,VEHICLE_COST,VEHICLE_SERIES,VEHICLE_MARK,VEHICLE_MODEL,VEHICLE_YEAR,ID_MANUFACTER,VEHICLE_STATUS) values ('56','155','Daphne Dennis','4297','7990','mattis.','06/11/2017','May 2, 2017','83','TRADE');
Insert into SYSTEM.VEHICLES (ID_VEHICLE,CODE,VEHICLE_NAME,VEHICLE_COST,VEHICLE_SERIES,VEHICLE_MARK,VEHICLE_MODEL,VEHICLE_YEAR,ID_MANUFACTER,VEHICLE_STATUS) values ('57','156','Carissa J. Price','6946','3396','odio.','08/31/2018','Jun 13, 2017','97','TRADE');
Insert into SYSTEM.VEHICLES (ID_VEHICLE,CODE,VEHICLE_NAME,VEHICLE_COST,VEHICLE_SERIES,VEHICLE_MARK,VEHICLE_MODEL,VEHICLE_YEAR,ID_MANUFACTER,VEHICLE_STATUS) values ('58','157','Nasim B. Guzman','6283','9919','molestie','11/17/2017','Jan 17, 2018','71','SOLD');
Insert into SYSTEM.VEHICLES (ID_VEHICLE,CODE,VEHICLE_NAME,VEHICLE_COST,VEHICLE_SERIES,VEHICLE_MARK,VEHICLE_MODEL,VEHICLE_YEAR,ID_MANUFACTER,VEHICLE_STATUS) values ('59','158','Camden H. May','6156','6569','vulputate,','07/02/2018','Jan 29, 2018','25','TRADE');
Insert into SYSTEM.VEHICLES (ID_VEHICLE,CODE,VEHICLE_NAME,VEHICLE_COST,VEHICLE_SERIES,VEHICLE_MARK,VEHICLE_MODEL,VEHICLE_YEAR,ID_MANUFACTER,VEHICLE_STATUS) values ('60','159','Jermaine Walton','7736','7797','est,','01/21/2017','May 8, 2018','4','TRADE');
Insert into SYSTEM.VEHICLES (ID_VEHICLE,CODE,VEHICLE_NAME,VEHICLE_COST,VEHICLE_SERIES,VEHICLE_MARK,VEHICLE_MODEL,VEHICLE_YEAR,ID_MANUFACTER,VEHICLE_STATUS) values ('61','160','Carl Y. Pena','2289','5783','molestie','09/16/2017','Jul 25, 2018','83','TRADE');
Insert into SYSTEM.VEHICLES (ID_VEHICLE,CODE,VEHICLE_NAME,VEHICLE_COST,VEHICLE_SERIES,VEHICLE_MARK,VEHICLE_MODEL,VEHICLE_YEAR,ID_MANUFACTER,VEHICLE_STATUS) values ('62','161','August N. Buchanan','6034','2943','Pellentesque','12/10/2017','Jan 6, 2018','77','TRADE');
Insert into SYSTEM.VEHICLES (ID_VEHICLE,CODE,VEHICLE_NAME,VEHICLE_COST,VEHICLE_SERIES,VEHICLE_MARK,VEHICLE_MODEL,VEHICLE_YEAR,ID_MANUFACTER,VEHICLE_STATUS) values ('63','162','Carson K. Albert','5338','3366','adipiscing','05/05/2018','Mar 2, 2018','87','TRADE');
Insert into SYSTEM.VEHICLES (ID_VEHICLE,CODE,VEHICLE_NAME,VEHICLE_COST,VEHICLE_SERIES,VEHICLE_MARK,VEHICLE_MODEL,VEHICLE_YEAR,ID_MANUFACTER,VEHICLE_STATUS) values ('64','163','Kylynn M. Mccormick','9188','9178','a','02/19/2017','May 11, 2018','84','TRADE');
Insert into SYSTEM.VEHICLES (ID_VEHICLE,CODE,VEHICLE_NAME,VEHICLE_COST,VEHICLE_SERIES,VEHICLE_MARK,VEHICLE_MODEL,VEHICLE_YEAR,ID_MANUFACTER,VEHICLE_STATUS) values ('65','164','Ulla L. Robinson','5438','5706','lectus.','03/13/2018','Dec 19, 2017','13','TRADE');
Insert into SYSTEM.VEHICLES (ID_VEHICLE,CODE,VEHICLE_NAME,VEHICLE_COST,VEHICLE_SERIES,VEHICLE_MARK,VEHICLE_MODEL,VEHICLE_YEAR,ID_MANUFACTER,VEHICLE_STATUS) values ('66','165','Ivana B. Duncan','8485','9447','non,','05/23/2018','Jan 31, 2018','1','TRADE');
Insert into SYSTEM.VEHICLES (ID_VEHICLE,CODE,VEHICLE_NAME,VEHICLE_COST,VEHICLE_SERIES,VEHICLE_MARK,VEHICLE_MODEL,VEHICLE_YEAR,ID_MANUFACTER,VEHICLE_STATUS) values ('67','166','Gloria Z. Camacho','6921','8386','montes,','07/11/2017','Nov 4, 2017','92','SOLD');
Insert into SYSTEM.VEHICLES (ID_VEHICLE,CODE,VEHICLE_NAME,VEHICLE_COST,VEHICLE_SERIES,VEHICLE_MARK,VEHICLE_MODEL,VEHICLE_YEAR,ID_MANUFACTER,VEHICLE_STATUS) values ('68','167','Noble S. Stephens','5748','2638','Proin','09/16/2018','Jul 2, 2017','87','TRADE');
Insert into SYSTEM.VEHICLES (ID_VEHICLE,CODE,VEHICLE_NAME,VEHICLE_COST,VEHICLE_SERIES,VEHICLE_MARK,VEHICLE_MODEL,VEHICLE_YEAR,ID_MANUFACTER,VEHICLE_STATUS) values ('69','168','Vanna Carey','7169','8342','rutrum.','05/21/2018','May 19, 2017','84','TRADE');
Insert into SYSTEM.VEHICLES (ID_VEHICLE,CODE,VEHICLE_NAME,VEHICLE_COST,VEHICLE_SERIES,VEHICLE_MARK,VEHICLE_MODEL,VEHICLE_YEAR,ID_MANUFACTER,VEHICLE_STATUS) values ('70','169','Evelyn Wilkerson','3826','6065','ac,','04/06/2017','Mar 22, 2018','4','TRADE');
Insert into SYSTEM.VEHICLES (ID_VEHICLE,CODE,VEHICLE_NAME,VEHICLE_COST,VEHICLE_SERIES,VEHICLE_MARK,VEHICLE_MODEL,VEHICLE_YEAR,ID_MANUFACTER,VEHICLE_STATUS) values ('71','170','Suki L. Brennan','8436','9312','euismod','03/30/2017','Jan 9, 2017','78','SOLD');
Insert into SYSTEM.VEHICLES (ID_VEHICLE,CODE,VEHICLE_NAME,VEHICLE_COST,VEHICLE_SERIES,VEHICLE_MARK,VEHICLE_MODEL,VEHICLE_YEAR,ID_MANUFACTER,VEHICLE_STATUS) values ('72','171','Wing Carr','2494','7296','dolor','04/06/2017','Apr 27, 2017','16','SOLD');
Insert into SYSTEM.VEHICLES (ID_VEHICLE,CODE,VEHICLE_NAME,VEHICLE_COST,VEHICLE_SERIES,VEHICLE_MARK,VEHICLE_MODEL,VEHICLE_YEAR,ID_MANUFACTER,VEHICLE_STATUS) values ('73','172','Mufutau E. Hammond','8152','9230','nibh.','05/20/2017','Jan 1, 2017','38','SOLD');
Insert into SYSTEM.VEHICLES (ID_VEHICLE,CODE,VEHICLE_NAME,VEHICLE_COST,VEHICLE_SERIES,VEHICLE_MARK,VEHICLE_MODEL,VEHICLE_YEAR,ID_MANUFACTER,VEHICLE_STATUS) values ('74','173','Joseph Welch','7375','9210','nunc','12/02/2016','Dec 6, 2017','5','SOLD');
Insert into SYSTEM.VEHICLES (ID_VEHICLE,CODE,VEHICLE_NAME,VEHICLE_COST,VEHICLE_SERIES,VEHICLE_MARK,VEHICLE_MODEL,VEHICLE_YEAR,ID_MANUFACTER,VEHICLE_STATUS) values ('75','174','Jane K. Miles','9772','2212','In','08/15/2018','Oct 4, 2018','48','SOLD');
Insert into SYSTEM.VEHICLES (ID_VEHICLE,CODE,VEHICLE_NAME,VEHICLE_COST,VEHICLE_SERIES,VEHICLE_MARK,VEHICLE_MODEL,VEHICLE_YEAR,ID_MANUFACTER,VEHICLE_STATUS) values ('76','175','Dale O. Gillespie','3329','2829','et','12/29/2017','Jan 26, 2018','47','TRADE');
Insert into SYSTEM.VEHICLES (ID_VEHICLE,CODE,VEHICLE_NAME,VEHICLE_COST,VEHICLE_SERIES,VEHICLE_MARK,VEHICLE_MODEL,VEHICLE_YEAR,ID_MANUFACTER,VEHICLE_STATUS) values ('77','176','Kenneth Thomas','2488','7114','tellus','07/23/2018','Mar 23, 2017','5','SOLD');
Insert into SYSTEM.VEHICLES (ID_VEHICLE,CODE,VEHICLE_NAME,VEHICLE_COST,VEHICLE_SERIES,VEHICLE_MARK,VEHICLE_MODEL,VEHICLE_YEAR,ID_MANUFACTER,VEHICLE_STATUS) values ('78','177','Ursa Berg','5079','1848','Aliquam','12/16/2017','May 3, 2018','43','SOLD');
Insert into SYSTEM.VEHICLES (ID_VEHICLE,CODE,VEHICLE_NAME,VEHICLE_COST,VEHICLE_SERIES,VEHICLE_MARK,VEHICLE_MODEL,VEHICLE_YEAR,ID_MANUFACTER,VEHICLE_STATUS) values ('79','178','Levi Cardenas','5695','4900','consequat,','08/10/2017','Mar 20, 2017','23','SOLD');
Insert into SYSTEM.VEHICLES (ID_VEHICLE,CODE,VEHICLE_NAME,VEHICLE_COST,VEHICLE_SERIES,VEHICLE_MARK,VEHICLE_MODEL,VEHICLE_YEAR,ID_MANUFACTER,VEHICLE_STATUS) values ('80','179','Abra K. Franks','7502','4303','velit','02/15/2017','May 19, 2018','41','SOLD');
Insert into SYSTEM.VEHICLES (ID_VEHICLE,CODE,VEHICLE_NAME,VEHICLE_COST,VEHICLE_SERIES,VEHICLE_MARK,VEHICLE_MODEL,VEHICLE_YEAR,ID_MANUFACTER,VEHICLE_STATUS) values ('81','180','Britanney X. Decker','3671','3610','Integer','05/26/2018','Apr 1, 2018','12','SOLD');
Insert into SYSTEM.VEHICLES (ID_VEHICLE,CODE,VEHICLE_NAME,VEHICLE_COST,VEHICLE_SERIES,VEHICLE_MARK,VEHICLE_MODEL,VEHICLE_YEAR,ID_MANUFACTER,VEHICLE_STATUS) values ('82','181','Paki H. Boyle','9859','4047','sem','04/16/2018','Aug 21, 2017','8','SOLD');
Insert into SYSTEM.VEHICLES (ID_VEHICLE,CODE,VEHICLE_NAME,VEHICLE_COST,VEHICLE_SERIES,VEHICLE_MARK,VEHICLE_MODEL,VEHICLE_YEAR,ID_MANUFACTER,VEHICLE_STATUS) values ('83','182','Odysseus T. Sims','5203','4075','Fusce','07/24/2018','Aug 2, 2018','49','SOLD');
Insert into SYSTEM.VEHICLES (ID_VEHICLE,CODE,VEHICLE_NAME,VEHICLE_COST,VEHICLE_SERIES,VEHICLE_MARK,VEHICLE_MODEL,VEHICLE_YEAR,ID_MANUFACTER,VEHICLE_STATUS) values ('84','183','Kevin Molina','2409','1791','Vestibulum','03/29/2017','Sep 28, 2018','26','SOLD');
Insert into SYSTEM.VEHICLES (ID_VEHICLE,CODE,VEHICLE_NAME,VEHICLE_COST,VEHICLE_SERIES,VEHICLE_MARK,VEHICLE_MODEL,VEHICLE_YEAR,ID_MANUFACTER,VEHICLE_STATUS) values ('85','184','Driscoll X. Keller','7622','6326','dictum.','04/09/2018','Nov 23, 2017','27','SOLD');
Insert into SYSTEM.VEHICLES (ID_VEHICLE,CODE,VEHICLE_NAME,VEHICLE_COST,VEHICLE_SERIES,VEHICLE_MARK,VEHICLE_MODEL,VEHICLE_YEAR,ID_MANUFACTER,VEHICLE_STATUS) values ('86','185','Yoshi N. Grimes','9639','1962','Suspendisse','02/18/2017','Dec 23, 2017','16','SOLD');
Insert into SYSTEM.VEHICLES (ID_VEHICLE,CODE,VEHICLE_NAME,VEHICLE_COST,VEHICLE_SERIES,VEHICLE_MARK,VEHICLE_MODEL,VEHICLE_YEAR,ID_MANUFACTER,VEHICLE_STATUS) values ('87','186','Jolie Norton','8793','2504','Suspendisse','12/30/2016','May 6, 2017','72','SOLD');
Insert into SYSTEM.VEHICLES (ID_VEHICLE,CODE,VEHICLE_NAME,VEHICLE_COST,VEHICLE_SERIES,VEHICLE_MARK,VEHICLE_MODEL,VEHICLE_YEAR,ID_MANUFACTER,VEHICLE_STATUS) values ('88','187','Cherokee Q. Pruitt','6301','4672','nisi','01/27/2017','Aug 14, 2018','18','SOLD');
Insert into SYSTEM.VEHICLES (ID_VEHICLE,CODE,VEHICLE_NAME,VEHICLE_COST,VEHICLE_SERIES,VEHICLE_MARK,VEHICLE_MODEL,VEHICLE_YEAR,ID_MANUFACTER,VEHICLE_STATUS) values ('89','188','Eve L. West','6768','6506','sed','08/12/2017','Aug 7, 2017','63','SOLD');
Insert into SYSTEM.VEHICLES (ID_VEHICLE,CODE,VEHICLE_NAME,VEHICLE_COST,VEHICLE_SERIES,VEHICLE_MARK,VEHICLE_MODEL,VEHICLE_YEAR,ID_MANUFACTER,VEHICLE_STATUS) values ('90','189','Allegra Mcneil','2109','3605','diam.','12/06/2016','Apr 25, 2018','65','SOLD');
Insert into SYSTEM.VEHICLES (ID_VEHICLE,CODE,VEHICLE_NAME,VEHICLE_COST,VEHICLE_SERIES,VEHICLE_MARK,VEHICLE_MODEL,VEHICLE_YEAR,ID_MANUFACTER,VEHICLE_STATUS) values ('91','190','Salvador R. Vinson','7987','9358','diam.','01/19/2018','Apr 14, 2017','53','SOLD');
Insert into SYSTEM.VEHICLES (ID_VEHICLE,CODE,VEHICLE_NAME,VEHICLE_COST,VEHICLE_SERIES,VEHICLE_MARK,VEHICLE_MODEL,VEHICLE_YEAR,ID_MANUFACTER,VEHICLE_STATUS) values ('92','191','Cyrus A. Dickerson','2968','3651','Sed','04/16/2017','Oct 16, 2017','15','SOLD');
Insert into SYSTEM.VEHICLES (ID_VEHICLE,CODE,VEHICLE_NAME,VEHICLE_COST,VEHICLE_SERIES,VEHICLE_MARK,VEHICLE_MODEL,VEHICLE_YEAR,ID_MANUFACTER,VEHICLE_STATUS) values ('93','192','Lance Horn','6313','3767','Morbi','02/07/2018','Jun 26, 2017','59','SOLD');
Insert into SYSTEM.VEHICLES (ID_VEHICLE,CODE,VEHICLE_NAME,VEHICLE_COST,VEHICLE_SERIES,VEHICLE_MARK,VEHICLE_MODEL,VEHICLE_YEAR,ID_MANUFACTER,VEHICLE_STATUS) values ('94','193','Melanie Stafford','2465','8787','nec','09/27/2017','Jan 29, 2018','83','SOLD');
Insert into SYSTEM.VEHICLES (ID_VEHICLE,CODE,VEHICLE_NAME,VEHICLE_COST,VEHICLE_SERIES,VEHICLE_MARK,VEHICLE_MODEL,VEHICLE_YEAR,ID_MANUFACTER,VEHICLE_STATUS) values ('95','194','Wang X. Bradley','5418','3603','ac','07/08/2017','Oct 25, 2018','95','SOLD');
Insert into SYSTEM.VEHICLES (ID_VEHICLE,CODE,VEHICLE_NAME,VEHICLE_COST,VEHICLE_SERIES,VEHICLE_MARK,VEHICLE_MODEL,VEHICLE_YEAR,ID_MANUFACTER,VEHICLE_STATUS) values ('96','195','Ross A. English','6588','3068','semper','02/11/2018','Sep 20, 2017','62','SOLD');
Insert into SYSTEM.VEHICLES (ID_VEHICLE,CODE,VEHICLE_NAME,VEHICLE_COST,VEHICLE_SERIES,VEHICLE_MARK,VEHICLE_MODEL,VEHICLE_YEAR,ID_MANUFACTER,VEHICLE_STATUS) values ('97','196','Hilda J. Tyler','4299','7628','lacinia.','09/08/2018','Mar 11, 2017','7','SOLD');
Insert into SYSTEM.VEHICLES (ID_VEHICLE,CODE,VEHICLE_NAME,VEHICLE_COST,VEHICLE_SERIES,VEHICLE_MARK,VEHICLE_MODEL,VEHICLE_YEAR,ID_MANUFACTER,VEHICLE_STATUS) values ('98','197','Reese Kent','9285','1222','egestas.','11/17/2016','Jan 5, 2018','99','SOLD');
Insert into SYSTEM.VEHICLES (ID_VEHICLE,CODE,VEHICLE_NAME,VEHICLE_COST,VEHICLE_SERIES,VEHICLE_MARK,VEHICLE_MODEL,VEHICLE_YEAR,ID_MANUFACTER,VEHICLE_STATUS) values ('99','198','Talon Carney','5040','9774','ac','01/22/2018','Jun 10, 2017','44','SOLD');
Insert into SYSTEM.VEHICLES (ID_VEHICLE,CODE,VEHICLE_NAME,VEHICLE_COST,VEHICLE_SERIES,VEHICLE_MARK,VEHICLE_MODEL,VEHICLE_YEAR,ID_MANUFACTER,VEHICLE_STATUS) values ('100','199','Michelle Berry','4051','8073','aliquam,','03/19/2018','Nov 28, 2016','25',null);
REM INSERTING into SYSTEM.CUSTOM_VIEW
SET DEFINE OFF;
Insert into SYSTEM.CUSTOM_VIEW (TYPE_A,APERTURE_DATE,BALANCE) values ('savings','25/12/14','4172,9');
Insert into SYSTEM.CUSTOM_VIEW (TYPE_A,APERTURE_DATE,BALANCE) values ('savings','08/12/11','86342,84');
Insert into SYSTEM.CUSTOM_VIEW (TYPE_A,APERTURE_DATE,BALANCE) values ('loan','15/05/11','949,08');
Insert into SYSTEM.CUSTOM_VIEW (TYPE_A,APERTURE_DATE,BALANCE) values ('loan','03/09/10','14274,51');
Insert into SYSTEM.CUSTOM_VIEW (TYPE_A,APERTURE_DATE,BALANCE) values ('savings','11/02/15','34190,81');
REM INSERTING into SYSTEM.IMPRESION_BILLS
SET DEFINE OFF;
Insert into SYSTEM.IMPRESION_BILLS (ID_BILL,ID_SALES_PERSON,SALES_PERSON_NAME,ID_CUSTOMER,NAME_CUSTOMER,ID_VEHICLE,VEHICLE_STATUS,ID_MANUFACTER,MANUFACTERNAME,ID_ACCESORIES,ACCESORY_DESCRIPTION,DATEOFBILL,TOTALCOST) values ('160','9004','Sweeney, Jack P.','10078','Audrey','62','TRADE','77','Hedwig J. Gutierrez','100','Akeem',to_date('29/09/14','DD/MM/RR'),'2060');
Insert into SYSTEM.IMPRESION_BILLS (ID_BILL,ID_SALES_PERSON,SALES_PERSON_NAME,ID_CUSTOMER,NAME_CUSTOMER,ID_VEHICLE,VEHICLE_STATUS,ID_MANUFACTER,MANUFACTERNAME,ID_ACCESORIES,ACCESORY_DESCRIPTION,DATEOFBILL,TOTALCOST) values ('137','9037','Cox, Plato A.','10091','Omar','64','TRADE','84','Anthony E. Holloway','100','Akeem',to_date('13/09/17','DD/MM/RR'),'2037');
Insert into SYSTEM.IMPRESION_BILLS (ID_BILL,ID_SALES_PERSON,SALES_PERSON_NAME,ID_CUSTOMER,NAME_CUSTOMER,ID_VEHICLE,VEHICLE_STATUS,ID_MANUFACTER,MANUFACTERNAME,ID_ACCESORIES,ACCESORY_DESCRIPTION,DATEOFBILL,TOTALCOST) values ('104','9009','Downs, Calvin F.','10034','Ivan','38','TRADE','100','Kareem T. Whitehead','100','Akeem',to_date('21/11/16','DD/MM/RR'),'2004');
Insert into SYSTEM.IMPRESION_BILLS (ID_BILL,ID_SALES_PERSON,SALES_PERSON_NAME,ID_CUSTOMER,NAME_CUSTOMER,ID_VEHICLE,VEHICLE_STATUS,ID_MANUFACTER,MANUFACTERNAME,ID_ACCESORIES,ACCESORY_DESCRIPTION,DATEOFBILL,TOTALCOST) values ('198','9035','Quinn, Rinah E.','10017','Ebony','60','TRADE','4','Hop T. Frazier','101','Daquan',to_date('12/03/18','DD/MM/RR'),'2098');
Insert into SYSTEM.IMPRESION_BILLS (ID_BILL,ID_SALES_PERSON,SALES_PERSON_NAME,ID_CUSTOMER,NAME_CUSTOMER,ID_VEHICLE,VEHICLE_STATUS,ID_MANUFACTER,MANUFACTERNAME,ID_ACCESORIES,ACCESORY_DESCRIPTION,DATEOFBILL,TOTALCOST) values ('135','9065','Gates, Noel H.','10093','Rafael','79','SOLD','23','Judah I. Reynolds','105','Duncan',to_date('30/01/18','DD/MM/RR'),'2035');
Insert into SYSTEM.IMPRESION_BILLS (ID_BILL,ID_SALES_PERSON,SALES_PERSON_NAME,ID_CUSTOMER,NAME_CUSTOMER,ID_VEHICLE,VEHICLE_STATUS,ID_MANUFACTER,MANUFACTERNAME,ID_ACCESORIES,ACCESORY_DESCRIPTION,DATEOFBILL,TOTALCOST) values ('103','9069','Gay, Jakeem P.','10056','Robert','76','TRADE','47','Yuli B. Sharpe','105','Duncan',to_date('21/07/17','DD/MM/RR'),'2003');
Insert into SYSTEM.IMPRESION_BILLS (ID_BILL,ID_SALES_PERSON,SALES_PERSON_NAME,ID_CUSTOMER,NAME_CUSTOMER,ID_VEHICLE,VEHICLE_STATUS,ID_MANUFACTER,MANUFACTERNAME,ID_ACCESORIES,ACCESORY_DESCRIPTION,DATEOFBILL,TOTALCOST) values ('102','9006','Saunders, Karly X.','10056','Robert','53','TRADE','79','Thomas A. Santos','105','Duncan',to_date('19/10/13','DD/MM/RR'),'2002');
Insert into SYSTEM.IMPRESION_BILLS (ID_BILL,ID_SALES_PERSON,SALES_PERSON_NAME,ID_CUSTOMER,NAME_CUSTOMER,ID_VEHICLE,VEHICLE_STATUS,ID_MANUFACTER,MANUFACTERNAME,ID_ACCESORIES,ACCESORY_DESCRIPTION,DATEOFBILL,TOTALCOST) values ('133','9058','Sherman, Ruby N.','10077','Brady','81','SOLD','12','Eleanor S. Lamb','108','Chaim',to_date('15/08/17','DD/MM/RR'),'2033');
Insert into SYSTEM.IMPRESION_BILLS (ID_BILL,ID_SALES_PERSON,SALES_PERSON_NAME,ID_CUSTOMER,NAME_CUSTOMER,ID_VEHICLE,VEHICLE_STATUS,ID_MANUFACTER,MANUFACTERNAME,ID_ACCESORIES,ACCESORY_DESCRIPTION,DATEOFBILL,TOTALCOST) values ('142','9006','Saunders, Karly X.','10030','Dana','71','SOLD','78','Melyssa B. Carroll','109','Honorato',to_date('29/09/18','DD/MM/RR'),'2042');
Insert into SYSTEM.IMPRESION_BILLS (ID_BILL,ID_SALES_PERSON,SALES_PERSON_NAME,ID_CUSTOMER,NAME_CUSTOMER,ID_VEHICLE,VEHICLE_STATUS,ID_MANUFACTER,MANUFACTERNAME,ID_ACCESORIES,ACCESORY_DESCRIPTION,DATEOFBILL,TOTALCOST) values ('102','9006','Saunders, Karly X.','10056','Robert','97','SOLD','7','Zachary R. Bentley','112','Cairo',to_date('19/10/13','DD/MM/RR'),'2002');
Insert into SYSTEM.IMPRESION_BILLS (ID_BILL,ID_SALES_PERSON,SALES_PERSON_NAME,ID_CUSTOMER,NAME_CUSTOMER,ID_VEHICLE,VEHICLE_STATUS,ID_MANUFACTER,MANUFACTERNAME,ID_ACCESORIES,ACCESORY_DESCRIPTION,DATEOFBILL,TOTALCOST) values ('174','9057','Salazar, Murphy P.','10019','Sara','76','TRADE','47','Yuli B. Sharpe','114','Kasimir',to_date('17/07/10','DD/MM/RR'),'2074');
Insert into SYSTEM.IMPRESION_BILLS (ID_BILL,ID_SALES_PERSON,SALES_PERSON_NAME,ID_CUSTOMER,NAME_CUSTOMER,ID_VEHICLE,VEHICLE_STATUS,ID_MANUFACTER,MANUFACTERNAME,ID_ACCESORIES,ACCESORY_DESCRIPTION,DATEOFBILL,TOTALCOST) values ('139','9010','Buckley, Camilla S.','10032','Mara','59','TRADE','25','Madeline R. Wilcox','117','Tate',to_date('06/04/05','DD/MM/RR'),'2039');
Insert into SYSTEM.IMPRESION_BILLS (ID_BILL,ID_SALES_PERSON,SALES_PERSON_NAME,ID_CUSTOMER,NAME_CUSTOMER,ID_VEHICLE,VEHICLE_STATUS,ID_MANUFACTER,MANUFACTERNAME,ID_ACCESORIES,ACCESORY_DESCRIPTION,DATEOFBILL,TOTALCOST) values ('136','9002','Olsen, Veda S.','10050','Amal','61','TRADE','83','Timothy Y. Garrison','119','Xenos',to_date('04/04/18','DD/MM/RR'),'2036');
Insert into SYSTEM.IMPRESION_BILLS (ID_BILL,ID_SALES_PERSON,SALES_PERSON_NAME,ID_CUSTOMER,NAME_CUSTOMER,ID_VEHICLE,VEHICLE_STATUS,ID_MANUFACTER,MANUFACTERNAME,ID_ACCESORIES,ACCESORY_DESCRIPTION,DATEOFBILL,TOTALCOST) values ('147','9070','Lloyd, Melissa M.','10027','Lysandra','82','SOLD','8','Bertha B. Tucker','120','Lawrence',to_date('11/03/05','DD/MM/RR'),'2047');
Insert into SYSTEM.IMPRESION_BILLS (ID_BILL,ID_SALES_PERSON,SALES_PERSON_NAME,ID_CUSTOMER,NAME_CUSTOMER,ID_VEHICLE,VEHICLE_STATUS,ID_MANUFACTER,MANUFACTERNAME,ID_ACCESORIES,ACCESORY_DESCRIPTION,DATEOFBILL,TOTALCOST) values ('199','9066','Velasquez, Sopoline K.','10014','Bruno','79','SOLD','23','Judah I. Reynolds','120','Lawrence',to_date('09/05/08','DD/MM/RR'),'2099');
Insert into SYSTEM.IMPRESION_BILLS (ID_BILL,ID_SALES_PERSON,SALES_PERSON_NAME,ID_CUSTOMER,NAME_CUSTOMER,ID_VEHICLE,VEHICLE_STATUS,ID_MANUFACTER,MANUFACTERNAME,ID_ACCESORIES,ACCESORY_DESCRIPTION,DATEOFBILL,TOTALCOST) values ('132','9012','Henry, Naomi B.','10086','Lucas','50','TRADE','70','Iola V. Byrd','121','Lane',to_date('15/08/17','DD/MM/RR'),'2032');
Insert into SYSTEM.IMPRESION_BILLS (ID_BILL,ID_SALES_PERSON,SALES_PERSON_NAME,ID_CUSTOMER,NAME_CUSTOMER,ID_VEHICLE,VEHICLE_STATUS,ID_MANUFACTER,MANUFACTERNAME,ID_ACCESORIES,ACCESORY_DESCRIPTION,DATEOFBILL,TOTALCOST) values ('193','9007','Ward, Rafael Y.','10097','Chantale','36','TRADE','95','Grady B. White','121','Lane',to_date('01/07/17','DD/MM/RR'),'2093');
Insert into SYSTEM.IMPRESION_BILLS (ID_BILL,ID_SALES_PERSON,SALES_PERSON_NAME,ID_CUSTOMER,NAME_CUSTOMER,ID_VEHICLE,VEHICLE_STATUS,ID_MANUFACTER,MANUFACTERNAME,ID_ACCESORIES,ACCESORY_DESCRIPTION,DATEOFBILL,TOTALCOST) values ('108','9009','Downs, Calvin F.','10068','Madeline','55','TRADE','11','Lisandra H. Wilson','122','Lee',to_date('06/01/18','DD/MM/RR'),'2008');
Insert into SYSTEM.IMPRESION_BILLS (ID_BILL,ID_SALES_PERSON,SALES_PERSON_NAME,ID_CUSTOMER,NAME_CUSTOMER,ID_VEHICLE,VEHICLE_STATUS,ID_MANUFACTER,MANUFACTERNAME,ID_ACCESORIES,ACCESORY_DESCRIPTION,DATEOFBILL,TOTALCOST) values ('114','9089','Cole, Chancellor S.','10002','Kerry','47','TRADE','75','Kendall L. Powell','123','Wing',to_date('18/02/18','DD/MM/RR'),'2014');
Insert into SYSTEM.IMPRESION_BILLS (ID_BILL,ID_SALES_PERSON,SALES_PERSON_NAME,ID_CUSTOMER,NAME_CUSTOMER,ID_VEHICLE,VEHICLE_STATUS,ID_MANUFACTER,MANUFACTERNAME,ID_ACCESORIES,ACCESORY_DESCRIPTION,DATEOFBILL,TOTALCOST) values ('199','9066','Velasquez, Sopoline K.','10014','Bruno','65','TRADE','13','Vanna S. Webster','126','Cyrus',to_date('09/05/08','DD/MM/RR'),'2099');
Insert into SYSTEM.IMPRESION_BILLS (ID_BILL,ID_SALES_PERSON,SALES_PERSON_NAME,ID_CUSTOMER,NAME_CUSTOMER,ID_VEHICLE,VEHICLE_STATUS,ID_MANUFACTER,MANUFACTERNAME,ID_ACCESORIES,ACCESORY_DESCRIPTION,DATEOFBILL,TOTALCOST) values ('199','9066','Velasquez, Sopoline K.','10014','Bruno','80','SOLD','41','Camilla Y. Mcconnell','126','Cyrus',to_date('09/05/08','DD/MM/RR'),'2099');
Insert into SYSTEM.IMPRESION_BILLS (ID_BILL,ID_SALES_PERSON,SALES_PERSON_NAME,ID_CUSTOMER,NAME_CUSTOMER,ID_VEHICLE,VEHICLE_STATUS,ID_MANUFACTER,MANUFACTERNAME,ID_ACCESORIES,ACCESORY_DESCRIPTION,DATEOFBILL,TOTALCOST) values ('141','9051','Alston, Bevis H.','10037','Sophia','63','TRADE','87','Nicole K. Ball','126','Cyrus',to_date('02/01/02','DD/MM/RR'),'2041');
Insert into SYSTEM.IMPRESION_BILLS (ID_BILL,ID_SALES_PERSON,SALES_PERSON_NAME,ID_CUSTOMER,NAME_CUSTOMER,ID_VEHICLE,VEHICLE_STATUS,ID_MANUFACTER,MANUFACTERNAME,ID_ACCESORIES,ACCESORY_DESCRIPTION,DATEOFBILL,TOTALCOST) values ('148','9090','Gaines, Hedy F.','10039','Fiona','52','TRADE','93','Stephanie H. Schneider','126','Cyrus',to_date('13/07/17','DD/MM/RR'),'2048');
Insert into SYSTEM.IMPRESION_BILLS (ID_BILL,ID_SALES_PERSON,SALES_PERSON_NAME,ID_CUSTOMER,NAME_CUSTOMER,ID_VEHICLE,VEHICLE_STATUS,ID_MANUFACTER,MANUFACTERNAME,ID_ACCESORIES,ACCESORY_DESCRIPTION,DATEOFBILL,TOTALCOST) values ('156','9069','Gay, Jakeem P.','10039','Fiona','69','TRADE','84','Anthony E. Holloway','127','Alexander',to_date('05/11/17','DD/MM/RR'),'2056');
Insert into SYSTEM.IMPRESION_BILLS (ID_BILL,ID_SALES_PERSON,SALES_PERSON_NAME,ID_CUSTOMER,NAME_CUSTOMER,ID_VEHICLE,VEHICLE_STATUS,ID_MANUFACTER,MANUFACTERNAME,ID_ACCESORIES,ACCESORY_DESCRIPTION,DATEOFBILL,TOTALCOST) values ('145','9093','Tanner, Damon B.','10013','Uma','42','TRADE','43','Gareth Z. Lester','131','Guy',to_date('30/12/17','DD/MM/RR'),'2045');
Insert into SYSTEM.IMPRESION_BILLS (ID_BILL,ID_SALES_PERSON,SALES_PERSON_NAME,ID_CUSTOMER,NAME_CUSTOMER,ID_VEHICLE,VEHICLE_STATUS,ID_MANUFACTER,MANUFACTERNAME,ID_ACCESORIES,ACCESORY_DESCRIPTION,DATEOFBILL,TOTALCOST) values ('121','9051','Alston, Bevis H.','10090','Graham','83','SOLD','49','Freya P. Schwartz','131','Guy',to_date('25/09/18','DD/MM/RR'),'2021');
Insert into SYSTEM.IMPRESION_BILLS (ID_BILL,ID_SALES_PERSON,SALES_PERSON_NAME,ID_CUSTOMER,NAME_CUSTOMER,ID_VEHICLE,VEHICLE_STATUS,ID_MANUFACTER,MANUFACTERNAME,ID_ACCESORIES,ACCESORY_DESCRIPTION,DATEOFBILL,TOTALCOST) values ('184','9071','Coleman, Florence R.','10055','Cairo','58','SOLD','71','Duncan B. Barker','132','Hayes',to_date('25/01/17','DD/MM/RR'),'2084');
Insert into SYSTEM.IMPRESION_BILLS (ID_BILL,ID_SALES_PERSON,SALES_PERSON_NAME,ID_CUSTOMER,NAME_CUSTOMER,ID_VEHICLE,VEHICLE_STATUS,ID_MANUFACTER,MANUFACTERNAME,ID_ACCESORIES,ACCESORY_DESCRIPTION,DATEOFBILL,TOTALCOST) values ('179','9017','Schmidt, Katell D.','10016','Uma','95','SOLD','95','Grady B. White','132','Hayes',to_date('10/01/17','DD/MM/RR'),'2079');
Insert into SYSTEM.IMPRESION_BILLS (ID_BILL,ID_SALES_PERSON,SALES_PERSON_NAME,ID_CUSTOMER,NAME_CUSTOMER,ID_VEHICLE,VEHICLE_STATUS,ID_MANUFACTER,MANUFACTERNAME,ID_ACCESORIES,ACCESORY_DESCRIPTION,DATEOFBILL,TOTALCOST) values ('171','9086','Austin, Xerxes M.','10029','Quamar','44','TRADE','42','Seth F. Joseph','133','Vernon',to_date('04/12/09','DD/MM/RR'),'2071');
Insert into SYSTEM.IMPRESION_BILLS (ID_BILL,ID_SALES_PERSON,SALES_PERSON_NAME,ID_CUSTOMER,NAME_CUSTOMER,ID_VEHICLE,VEHICLE_STATUS,ID_MANUFACTER,MANUFACTERNAME,ID_ACCESORIES,ACCESORY_DESCRIPTION,DATEOFBILL,TOTALCOST) values ('155','9041','Melendez, Henry O.','10085','Reuben','74','SOLD','5','Nathaniel S. Pratt','135','Matthew',to_date('19/12/17','DD/MM/RR'),'2055');
Insert into SYSTEM.IMPRESION_BILLS (ID_BILL,ID_SALES_PERSON,SALES_PERSON_NAME,ID_CUSTOMER,NAME_CUSTOMER,ID_VEHICLE,VEHICLE_STATUS,ID_MANUFACTER,MANUFACTERNAME,ID_ACCESORIES,ACCESORY_DESCRIPTION,DATEOFBILL,TOTALCOST) values ('105','9079','Nelson, Denise I.','10018','Veronica','63','TRADE','87','Nicole K. Ball','135','Matthew',to_date('25/05/17','DD/MM/RR'),'2005');
Insert into SYSTEM.IMPRESION_BILLS (ID_BILL,ID_SALES_PERSON,SALES_PERSON_NAME,ID_CUSTOMER,NAME_CUSTOMER,ID_VEHICLE,VEHICLE_STATUS,ID_MANUFACTER,MANUFACTERNAME,ID_ACCESORIES,ACCESORY_DESCRIPTION,DATEOFBILL,TOTALCOST) values ('141','9051','Alston, Bevis H.','10037','Sophia','76','TRADE','47','Yuli B. Sharpe','136','Byron',to_date('02/01/02','DD/MM/RR'),'2041');
Insert into SYSTEM.IMPRESION_BILLS (ID_BILL,ID_SALES_PERSON,SALES_PERSON_NAME,ID_CUSTOMER,NAME_CUSTOMER,ID_VEHICLE,VEHICLE_STATUS,ID_MANUFACTER,MANUFACTERNAME,ID_ACCESORIES,ACCESORY_DESCRIPTION,DATEOFBILL,TOTALCOST) values ('166','9084','Mcmahon, Herrod Y.','10095','Callum','88','SOLD','18','Doris B. Ramsey','138','Branden',to_date('17/07/17','DD/MM/RR'),'2066');
Insert into SYSTEM.IMPRESION_BILLS (ID_BILL,ID_SALES_PERSON,SALES_PERSON_NAME,ID_CUSTOMER,NAME_CUSTOMER,ID_VEHICLE,VEHICLE_STATUS,ID_MANUFACTER,MANUFACTERNAME,ID_ACCESORIES,ACCESORY_DESCRIPTION,DATEOFBILL,TOTALCOST) values ('147','9070','Lloyd, Melissa M.','10027','Lysandra','76','TRADE','47','Yuli B. Sharpe','138','Branden',to_date('11/03/05','DD/MM/RR'),'2047');
Insert into SYSTEM.IMPRESION_BILLS (ID_BILL,ID_SALES_PERSON,SALES_PERSON_NAME,ID_CUSTOMER,NAME_CUSTOMER,ID_VEHICLE,VEHICLE_STATUS,ID_MANUFACTER,MANUFACTERNAME,ID_ACCESORIES,ACCESORY_DESCRIPTION,DATEOFBILL,TOTALCOST) values ('139','9010','Buckley, Camilla S.','10032','Mara','70','TRADE','4','Hop T. Frazier','139','Cade',to_date('06/04/05','DD/MM/RR'),'2039');
Insert into SYSTEM.IMPRESION_BILLS (ID_BILL,ID_SALES_PERSON,SALES_PERSON_NAME,ID_CUSTOMER,NAME_CUSTOMER,ID_VEHICLE,VEHICLE_STATUS,ID_MANUFACTER,MANUFACTERNAME,ID_ACCESORIES,ACCESORY_DESCRIPTION,DATEOFBILL,TOTALCOST) values ('169','9056','Craig, Hayes L.','10046','Merritt','43','TRADE','34','Vernon K. Stout','139','Cade',to_date('23/12/11','DD/MM/RR'),'2069');
Insert into SYSTEM.IMPRESION_BILLS (ID_BILL,ID_SALES_PERSON,SALES_PERSON_NAME,ID_CUSTOMER,NAME_CUSTOMER,ID_VEHICLE,VEHICLE_STATUS,ID_MANUFACTER,MANUFACTERNAME,ID_ACCESORIES,ACCESORY_DESCRIPTION,DATEOFBILL,TOTALCOST) values ('197','9072','Watson, Duncan Z.','10090','Graham','40','TRADE','70','Iola V. Byrd','139','Cade',to_date('17/09/18','DD/MM/RR'),'2097');
Insert into SYSTEM.IMPRESION_BILLS (ID_BILL,ID_SALES_PERSON,SALES_PERSON_NAME,ID_CUSTOMER,NAME_CUSTOMER,ID_VEHICLE,VEHICLE_STATUS,ID_MANUFACTER,MANUFACTERNAME,ID_ACCESORIES,ACCESORY_DESCRIPTION,DATEOFBILL,TOTALCOST) values ('109','9015','Leon, Rashad N.','10005','Diana','96','SOLD','62','Raymond R. England','140','Peter',to_date('28/07/18','DD/MM/RR'),'2009');
Insert into SYSTEM.IMPRESION_BILLS (ID_BILL,ID_SALES_PERSON,SALES_PERSON_NAME,ID_CUSTOMER,NAME_CUSTOMER,ID_VEHICLE,VEHICLE_STATUS,ID_MANUFACTER,MANUFACTERNAME,ID_ACCESORIES,ACCESORY_DESCRIPTION,DATEOFBILL,TOTALCOST) values ('105','9079','Nelson, Denise I.','10018','Veronica','58','SOLD','71','Duncan B. Barker','141','Hashim',to_date('25/05/17','DD/MM/RR'),'2005');
Insert into SYSTEM.IMPRESION_BILLS (ID_BILL,ID_SALES_PERSON,SALES_PERSON_NAME,ID_CUSTOMER,NAME_CUSTOMER,ID_VEHICLE,VEHICLE_STATUS,ID_MANUFACTER,MANUFACTERNAME,ID_ACCESORIES,ACCESORY_DESCRIPTION,DATEOFBILL,TOTALCOST) values ('128','9004','Sweeney, Jack P.','10049','Cameran','91','SOLD','53','Audrey D. Church','142','Justin',to_date('05/12/16','DD/MM/RR'),'2028');
Insert into SYSTEM.IMPRESION_BILLS (ID_BILL,ID_SALES_PERSON,SALES_PERSON_NAME,ID_CUSTOMER,NAME_CUSTOMER,ID_VEHICLE,VEHICLE_STATUS,ID_MANUFACTER,MANUFACTERNAME,ID_ACCESORIES,ACCESORY_DESCRIPTION,DATEOFBILL,TOTALCOST) values ('138','9083','Williams, Darryl K.','10042','Tana','56','TRADE','83','Timothy Y. Garrison','146','Nathan',to_date('03/04/18','DD/MM/RR'),'2038');
Insert into SYSTEM.IMPRESION_BILLS (ID_BILL,ID_SALES_PERSON,SALES_PERSON_NAME,ID_CUSTOMER,NAME_CUSTOMER,ID_VEHICLE,VEHICLE_STATUS,ID_MANUFACTER,MANUFACTERNAME,ID_ACCESORIES,ACCESORY_DESCRIPTION,DATEOFBILL,TOTALCOST) values ('159','9040','Wise, Dean M.','10092','Miranda','63','TRADE','87','Nicole K. Ball','146','Nathan',to_date('25/04/17','DD/MM/RR'),'2059');
Insert into SYSTEM.IMPRESION_BILLS (ID_BILL,ID_SALES_PERSON,SALES_PERSON_NAME,ID_CUSTOMER,NAME_CUSTOMER,ID_VEHICLE,VEHICLE_STATUS,ID_MANUFACTER,MANUFACTERNAME,ID_ACCESORIES,ACCESORY_DESCRIPTION,DATEOFBILL,TOTALCOST) values ('162','9098','Baird, Honorato B.','10057','Nero','98','SOLD','99','Noelle S. Patel','147','Brent',to_date('08/03/17','DD/MM/RR'),'2062');
Insert into SYSTEM.IMPRESION_BILLS (ID_BILL,ID_SALES_PERSON,SALES_PERSON_NAME,ID_CUSTOMER,NAME_CUSTOMER,ID_VEHICLE,VEHICLE_STATUS,ID_MANUFACTER,MANUFACTERNAME,ID_ACCESORIES,ACCESORY_DESCRIPTION,DATEOFBILL,TOTALCOST) values ('169','9056','Craig, Hayes L.','10046','Merritt','38','TRADE','100','Kareem T. Whitehead','147','Brent',to_date('23/12/11','DD/MM/RR'),'2069');
Insert into SYSTEM.IMPRESION_BILLS (ID_BILL,ID_SALES_PERSON,SALES_PERSON_NAME,ID_CUSTOMER,NAME_CUSTOMER,ID_VEHICLE,VEHICLE_STATUS,ID_MANUFACTER,MANUFACTERNAME,ID_ACCESORIES,ACCESORY_DESCRIPTION,DATEOFBILL,TOTALCOST) values ('110','9076','Scott, Ignatius E.','10007','Bertha','62','TRADE','77','Hedwig J. Gutierrez','155','Lucas',to_date('28/11/17','DD/MM/RR'),'2010');
Insert into SYSTEM.IMPRESION_BILLS (ID_BILL,ID_SALES_PERSON,SALES_PERSON_NAME,ID_CUSTOMER,NAME_CUSTOMER,ID_VEHICLE,VEHICLE_STATUS,ID_MANUFACTER,MANUFACTERNAME,ID_ACCESORIES,ACCESORY_DESCRIPTION,DATEOFBILL,TOTALCOST) values ('108','9009','Downs, Calvin F.','10068','Madeline','94','SOLD','83','Timothy Y. Garrison','155','Lucas',to_date('06/01/18','DD/MM/RR'),'2008');
Insert into SYSTEM.IMPRESION_BILLS (ID_BILL,ID_SALES_PERSON,SALES_PERSON_NAME,ID_CUSTOMER,NAME_CUSTOMER,ID_VEHICLE,VEHICLE_STATUS,ID_MANUFACTER,MANUFACTERNAME,ID_ACCESORIES,ACCESORY_DESCRIPTION,DATEOFBILL,TOTALCOST) values ('156','9069','Gay, Jakeem P.','10039','Fiona','80','SOLD','41','Camilla Y. Mcconnell','158','Lars',to_date('05/11/17','DD/MM/RR'),'2056');
Insert into SYSTEM.IMPRESION_BILLS (ID_BILL,ID_SALES_PERSON,SALES_PERSON_NAME,ID_CUSTOMER,NAME_CUSTOMER,ID_VEHICLE,VEHICLE_STATUS,ID_MANUFACTER,MANUFACTERNAME,ID_ACCESORIES,ACCESORY_DESCRIPTION,DATEOFBILL,TOTALCOST) values ('129','9035','Quinn, Rinah E.','10050','Amal','55','TRADE','11','Lisandra H. Wilson','161','Reuben',to_date('28/04/17','DD/MM/RR'),'2029');
Insert into SYSTEM.IMPRESION_BILLS (ID_BILL,ID_SALES_PERSON,SALES_PERSON_NAME,ID_CUSTOMER,NAME_CUSTOMER,ID_VEHICLE,VEHICLE_STATUS,ID_MANUFACTER,MANUFACTERNAME,ID_ACCESORIES,ACCESORY_DESCRIPTION,DATEOFBILL,TOTALCOST) values ('119','9073','Adkins, Kadeem Y.','10072','Wesley','60','TRADE','4','Hop T. Frazier','166','Barclay',to_date('15/05/17','DD/MM/RR'),'2019');
Insert into SYSTEM.IMPRESION_BILLS (ID_BILL,ID_SALES_PERSON,SALES_PERSON_NAME,ID_CUSTOMER,NAME_CUSTOMER,ID_VEHICLE,VEHICLE_STATUS,ID_MANUFACTER,MANUFACTERNAME,ID_ACCESORIES,ACCESORY_DESCRIPTION,DATEOFBILL,TOTALCOST) values ('195','9008','Bennett, Colin Y.','10045','Daria','39','TRADE','94','Xaviera Y. Woods','166','Barclay',to_date('15/07/18','DD/MM/RR'),'2095');
Insert into SYSTEM.IMPRESION_BILLS (ID_BILL,ID_SALES_PERSON,SALES_PERSON_NAME,ID_CUSTOMER,NAME_CUSTOMER,ID_VEHICLE,VEHICLE_STATUS,ID_MANUFACTER,MANUFACTERNAME,ID_ACCESORIES,ACCESORY_DESCRIPTION,DATEOFBILL,TOTALCOST) values ('104','9009','Downs, Calvin F.','10034','Ivan','72','SOLD','16','Ora F. Perkins','167','Dorian',to_date('21/11/16','DD/MM/RR'),'2004');
Insert into SYSTEM.IMPRESION_BILLS (ID_BILL,ID_SALES_PERSON,SALES_PERSON_NAME,ID_CUSTOMER,NAME_CUSTOMER,ID_VEHICLE,VEHICLE_STATUS,ID_MANUFACTER,MANUFACTERNAME,ID_ACCESORIES,ACCESORY_DESCRIPTION,DATEOFBILL,TOTALCOST) values ('187','9048','Gonzalez, Zephr L.','10041','Byron','80','SOLD','41','Camilla Y. Mcconnell','168','Ira',to_date('19/03/17','DD/MM/RR'),'2087');
Insert into SYSTEM.IMPRESION_BILLS (ID_BILL,ID_SALES_PERSON,SALES_PERSON_NAME,ID_CUSTOMER,NAME_CUSTOMER,ID_VEHICLE,VEHICLE_STATUS,ID_MANUFACTER,MANUFACTERNAME,ID_ACCESORIES,ACCESORY_DESCRIPTION,DATEOFBILL,TOTALCOST) values ('165','9073','Adkins, Kadeem Y.','10056','Robert','44','TRADE','42','Seth F. Joseph','168','Ira',to_date('26/11/16','DD/MM/RR'),'2065');
Insert into SYSTEM.IMPRESION_BILLS (ID_BILL,ID_SALES_PERSON,SALES_PERSON_NAME,ID_CUSTOMER,NAME_CUSTOMER,ID_VEHICLE,VEHICLE_STATUS,ID_MANUFACTER,MANUFACTERNAME,ID_ACCESORIES,ACCESORY_DESCRIPTION,DATEOFBILL,TOTALCOST) values ('188','9011','King, Keiko D.','10095','Callum','77','SOLD','5','Nathaniel S. Pratt','171','Damian',to_date('24/11/16','DD/MM/RR'),'2088');
Insert into SYSTEM.IMPRESION_BILLS (ID_BILL,ID_SALES_PERSON,SALES_PERSON_NAME,ID_CUSTOMER,NAME_CUSTOMER,ID_VEHICLE,VEHICLE_STATUS,ID_MANUFACTER,MANUFACTERNAME,ID_ACCESORIES,ACCESORY_DESCRIPTION,DATEOFBILL,TOTALCOST) values ('100','9001','Short, Odessa S.','10040','Brady','72','SOLD','16','Ora F. Perkins','173','Malik',to_date('30/08/18','DD/MM/RR'),'2000');
Insert into SYSTEM.IMPRESION_BILLS (ID_BILL,ID_SALES_PERSON,SALES_PERSON_NAME,ID_CUSTOMER,NAME_CUSTOMER,ID_VEHICLE,VEHICLE_STATUS,ID_MANUFACTER,MANUFACTERNAME,ID_ACCESORIES,ACCESORY_DESCRIPTION,DATEOFBILL,TOTALCOST) values ('117','9080','Wolf, Gannon B.','10044','Dakota','57','TRADE','97','Emery U. Gomez','173','Malik',to_date('06/11/17','DD/MM/RR'),'2017');
Insert into SYSTEM.IMPRESION_BILLS (ID_BILL,ID_SALES_PERSON,SALES_PERSON_NAME,ID_CUSTOMER,NAME_CUSTOMER,ID_VEHICLE,VEHICLE_STATUS,ID_MANUFACTER,MANUFACTERNAME,ID_ACCESORIES,ACCESORY_DESCRIPTION,DATEOFBILL,TOTALCOST) values ('155','9041','Melendez, Henry O.','10085','Reuben','67','SOLD','92','Kaseem L. Small','181','Herrod',to_date('19/12/17','DD/MM/RR'),'2055');
Insert into SYSTEM.IMPRESION_BILLS (ID_BILL,ID_SALES_PERSON,SALES_PERSON_NAME,ID_CUSTOMER,NAME_CUSTOMER,ID_VEHICLE,VEHICLE_STATUS,ID_MANUFACTER,MANUFACTERNAME,ID_ACCESORIES,ACCESORY_DESCRIPTION,DATEOFBILL,TOTALCOST) values ('115','9028','Barr, Imani G.','10027','Lysandra','67','SOLD','92','Kaseem L. Small','182','Dominic',to_date('26/01/17','DD/MM/RR'),'2015');
Insert into SYSTEM.IMPRESION_BILLS (ID_BILL,ID_SALES_PERSON,SALES_PERSON_NAME,ID_CUSTOMER,NAME_CUSTOMER,ID_VEHICLE,VEHICLE_STATUS,ID_MANUFACTER,MANUFACTERNAME,ID_ACCESORIES,ACCESORY_DESCRIPTION,DATEOFBILL,TOTALCOST) values ('143','9019','Wynn, Edan P.','10043','Felicia','70','TRADE','4','Hop T. Frazier','183','Dolan',to_date('27/03/17','DD/MM/RR'),'2043');
Insert into SYSTEM.IMPRESION_BILLS (ID_BILL,ID_SALES_PERSON,SALES_PERSON_NAME,ID_CUSTOMER,NAME_CUSTOMER,ID_VEHICLE,VEHICLE_STATUS,ID_MANUFACTER,MANUFACTERNAME,ID_ACCESORIES,ACCESORY_DESCRIPTION,DATEOFBILL,TOTALCOST) values ('139','9010','Buckley, Camilla S.','10032','Mara','65','TRADE','13','Vanna S. Webster','186','Brock',to_date('06/04/05','DD/MM/RR'),'2039');
Insert into SYSTEM.IMPRESION_BILLS (ID_BILL,ID_SALES_PERSON,SALES_PERSON_NAME,ID_CUSTOMER,NAME_CUSTOMER,ID_VEHICLE,VEHICLE_STATUS,ID_MANUFACTER,MANUFACTERNAME,ID_ACCESORIES,ACCESORY_DESCRIPTION,DATEOFBILL,TOTALCOST) values ('150','9045','Head, Calista C.','10006','Lana','45','TRADE','78','Melyssa B. Carroll','186','Brock',to_date('05/07/17','DD/MM/RR'),'2050');
Insert into SYSTEM.IMPRESION_BILLS (ID_BILL,ID_SALES_PERSON,SALES_PERSON_NAME,ID_CUSTOMER,NAME_CUSTOMER,ID_VEHICLE,VEHICLE_STATUS,ID_MANUFACTER,MANUFACTERNAME,ID_ACCESORIES,ACCESORY_DESCRIPTION,DATEOFBILL,TOTALCOST) values ('193','9007','Ward, Rafael Y.','10097','Chantale','48','TRADE','79','Thomas A. Santos','187','Brian',to_date('01/07/17','DD/MM/RR'),'2093');
Insert into SYSTEM.IMPRESION_BILLS (ID_BILL,ID_SALES_PERSON,SALES_PERSON_NAME,ID_CUSTOMER,NAME_CUSTOMER,ID_VEHICLE,VEHICLE_STATUS,ID_MANUFACTER,MANUFACTERNAME,ID_ACCESORIES,ACCESORY_DESCRIPTION,DATEOFBILL,TOTALCOST) values ('192','9035','Quinn, Rinah E.','10003','Dante','53','TRADE','79','Thomas A. Santos','187','Brian',to_date('26/04/17','DD/MM/RR'),'2092');
Insert into SYSTEM.IMPRESION_BILLS (ID_BILL,ID_SALES_PERSON,SALES_PERSON_NAME,ID_CUSTOMER,NAME_CUSTOMER,ID_VEHICLE,VEHICLE_STATUS,ID_MANUFACTER,MANUFACTERNAME,ID_ACCESORIES,ACCESORY_DESCRIPTION,DATEOFBILL,TOTALCOST) values ('199','9066','Velasquez, Sopoline K.','10014','Bruno','43','TRADE','34','Vernon K. Stout','191','Abbot',to_date('09/05/08','DD/MM/RR'),'2099');
Insert into SYSTEM.IMPRESION_BILLS (ID_BILL,ID_SALES_PERSON,SALES_PERSON_NAME,ID_CUSTOMER,NAME_CUSTOMER,ID_VEHICLE,VEHICLE_STATUS,ID_MANUFACTER,MANUFACTERNAME,ID_ACCESORIES,ACCESORY_DESCRIPTION,DATEOFBILL,TOTALCOST) values ('133','9058','Sherman, Ruby N.','10077','Brady','91','SOLD','53','Audrey D. Church','194','Raja',to_date('15/08/17','DD/MM/RR'),'2033');
Insert into SYSTEM.IMPRESION_BILLS (ID_BILL,ID_SALES_PERSON,SALES_PERSON_NAME,ID_CUSTOMER,NAME_CUSTOMER,ID_VEHICLE,VEHICLE_STATUS,ID_MANUFACTER,MANUFACTERNAME,ID_ACCESORIES,ACCESORY_DESCRIPTION,DATEOFBILL,TOTALCOST) values ('121','9051','Alston, Bevis H.','10090','Graham','91','SOLD','53','Audrey D. Church','194','Raja',to_date('25/09/18','DD/MM/RR'),'2021');
Insert into SYSTEM.IMPRESION_BILLS (ID_BILL,ID_SALES_PERSON,SALES_PERSON_NAME,ID_CUSTOMER,NAME_CUSTOMER,ID_VEHICLE,VEHICLE_STATUS,ID_MANUFACTER,MANUFACTERNAME,ID_ACCESORIES,ACCESORY_DESCRIPTION,DATEOFBILL,TOTALCOST) values ('149','9070','Lloyd, Melissa M.','10078','Audrey','42','TRADE','43','Gareth Z. Lester','195','Lars',to_date('06/12/16','DD/MM/RR'),'2049');
Insert into SYSTEM.IMPRESION_BILLS (ID_BILL,ID_SALES_PERSON,SALES_PERSON_NAME,ID_CUSTOMER,NAME_CUSTOMER,ID_VEHICLE,VEHICLE_STATUS,ID_MANUFACTER,MANUFACTERNAME,ID_ACCESORIES,ACCESORY_DESCRIPTION,DATEOFBILL,TOTALCOST) values ('176','9014','Workman, Phelan M.','10006','Lana','66','TRADE','1','Gloria A. White','198','Dalton',to_date('09/09/17','DD/MM/RR'),'2076');
Insert into SYSTEM.IMPRESION_BILLS (ID_BILL,ID_SALES_PERSON,SALES_PERSON_NAME,ID_CUSTOMER,NAME_CUSTOMER,ID_VEHICLE,VEHICLE_STATUS,ID_MANUFACTER,MANUFACTERNAME,ID_ACCESORIES,ACCESORY_DESCRIPTION,DATEOFBILL,TOTALCOST) values ('107','9048','Gonzalez, Zephr L.','10079','August','69','TRADE','84','Anthony E. Holloway','199','Clarke',to_date('12/12/17','DD/MM/RR'),'2007');
REM INSERTING into SYSTEM.SEARCH_HISTORY
SET DEFINE OFF;
Insert into SYSTEM.SEARCH_HISTORY (ID_VEHICLE,ACTUAL_STATUS,DATEOFBILL,LAST_STATUS) values ('63','TRADE',to_date('02/01/02','DD/MM/RR'),'SOLD');
Insert into SYSTEM.SEARCH_HISTORY (ID_VEHICLE,ACTUAL_STATUS,DATEOFBILL,LAST_STATUS) values ('76','TRADE',to_date('02/01/02','DD/MM/RR'),'SOLD');
Insert into SYSTEM.SEARCH_HISTORY (ID_VEHICLE,ACTUAL_STATUS,DATEOFBILL,LAST_STATUS) values ('76','TRADE',to_date('11/03/05','DD/MM/RR'),'TRADE');
Insert into SYSTEM.SEARCH_HISTORY (ID_VEHICLE,ACTUAL_STATUS,DATEOFBILL,LAST_STATUS) values ('82','SOLD',to_date('11/03/05','DD/MM/RR'),'SOLD');
Insert into SYSTEM.SEARCH_HISTORY (ID_VEHICLE,ACTUAL_STATUS,DATEOFBILL,LAST_STATUS) values ('65','TRADE',to_date('06/04/05','DD/MM/RR'),'SOLD');
Insert into SYSTEM.SEARCH_HISTORY (ID_VEHICLE,ACTUAL_STATUS,DATEOFBILL,LAST_STATUS) values ('59','TRADE',to_date('06/04/05','DD/MM/RR'),'TRADE');
Insert into SYSTEM.SEARCH_HISTORY (ID_VEHICLE,ACTUAL_STATUS,DATEOFBILL,LAST_STATUS) values ('70','TRADE',to_date('06/04/05','DD/MM/RR'),'SOLD');
Insert into SYSTEM.SEARCH_HISTORY (ID_VEHICLE,ACTUAL_STATUS,DATEOFBILL,LAST_STATUS) values ('79','SOLD',to_date('09/05/08','DD/MM/RR'),'SOLD');
Insert into SYSTEM.SEARCH_HISTORY (ID_VEHICLE,ACTUAL_STATUS,DATEOFBILL,LAST_STATUS) values ('65','TRADE',to_date('09/05/08','DD/MM/RR'),'TRADE');
Insert into SYSTEM.SEARCH_HISTORY (ID_VEHICLE,ACTUAL_STATUS,DATEOFBILL,LAST_STATUS) values ('80','SOLD',to_date('09/05/08','DD/MM/RR'),'SOLD');
Insert into SYSTEM.SEARCH_HISTORY (ID_VEHICLE,ACTUAL_STATUS,DATEOFBILL,LAST_STATUS) values ('43','TRADE',to_date('09/05/08','DD/MM/RR'),'SOLD');
Insert into SYSTEM.SEARCH_HISTORY (ID_VEHICLE,ACTUAL_STATUS,DATEOFBILL,LAST_STATUS) values ('44','TRADE',to_date('04/12/09','DD/MM/RR'),'SOLD');
Insert into SYSTEM.SEARCH_HISTORY (ID_VEHICLE,ACTUAL_STATUS,DATEOFBILL,LAST_STATUS) values ('76','TRADE',to_date('17/07/10','DD/MM/RR'),'SOLD');
Insert into SYSTEM.SEARCH_HISTORY (ID_VEHICLE,ACTUAL_STATUS,DATEOFBILL,LAST_STATUS) values ('43','TRADE',to_date('23/12/11','DD/MM/RR'),'TRADE');
Insert into SYSTEM.SEARCH_HISTORY (ID_VEHICLE,ACTUAL_STATUS,DATEOFBILL,LAST_STATUS) values ('38','TRADE',to_date('23/12/11','DD/MM/RR'),'SOLD');
Insert into SYSTEM.SEARCH_HISTORY (ID_VEHICLE,ACTUAL_STATUS,DATEOFBILL,LAST_STATUS) values ('53','TRADE',to_date('19/10/13','DD/MM/RR'),'SOLD');
Insert into SYSTEM.SEARCH_HISTORY (ID_VEHICLE,ACTUAL_STATUS,DATEOFBILL,LAST_STATUS) values ('97','SOLD',to_date('19/10/13','DD/MM/RR'),'SOLD');
Insert into SYSTEM.SEARCH_HISTORY (ID_VEHICLE,ACTUAL_STATUS,DATEOFBILL,LAST_STATUS) values ('62','TRADE',to_date('29/09/14','DD/MM/RR'),'SOLD');
Insert into SYSTEM.SEARCH_HISTORY (ID_VEHICLE,ACTUAL_STATUS,DATEOFBILL,LAST_STATUS) values ('72','SOLD',to_date('21/11/16','DD/MM/RR'),'SOLD');
Insert into SYSTEM.SEARCH_HISTORY (ID_VEHICLE,ACTUAL_STATUS,DATEOFBILL,LAST_STATUS) values ('38','TRADE',to_date('21/11/16','DD/MM/RR'),'TRADE');
Insert into SYSTEM.SEARCH_HISTORY (ID_VEHICLE,ACTUAL_STATUS,DATEOFBILL,LAST_STATUS) values ('77','SOLD',to_date('24/11/16','DD/MM/RR'),'SOLD');
Insert into SYSTEM.SEARCH_HISTORY (ID_VEHICLE,ACTUAL_STATUS,DATEOFBILL,LAST_STATUS) values ('44','TRADE',to_date('26/11/16','DD/MM/RR'),'TRADE');
Insert into SYSTEM.SEARCH_HISTORY (ID_VEHICLE,ACTUAL_STATUS,DATEOFBILL,LAST_STATUS) values ('91','SOLD',to_date('05/12/16','DD/MM/RR'),'TRADE');
Insert into SYSTEM.SEARCH_HISTORY (ID_VEHICLE,ACTUAL_STATUS,DATEOFBILL,LAST_STATUS) values ('42','TRADE',to_date('06/12/16','DD/MM/RR'),'SOLD');
Insert into SYSTEM.SEARCH_HISTORY (ID_VEHICLE,ACTUAL_STATUS,DATEOFBILL,LAST_STATUS) values ('95','SOLD',to_date('10/01/17','DD/MM/RR'),'SOLD');
Insert into SYSTEM.SEARCH_HISTORY (ID_VEHICLE,ACTUAL_STATUS,DATEOFBILL,LAST_STATUS) values ('58','SOLD',to_date('25/01/17','DD/MM/RR'),'TRADE');
Insert into SYSTEM.SEARCH_HISTORY (ID_VEHICLE,ACTUAL_STATUS,DATEOFBILL,LAST_STATUS) values ('67','SOLD',to_date('26/01/17','DD/MM/RR'),'TRADE');
Insert into SYSTEM.SEARCH_HISTORY (ID_VEHICLE,ACTUAL_STATUS,DATEOFBILL,LAST_STATUS) values ('98','SOLD',to_date('08/03/17','DD/MM/RR'),'SOLD');
Insert into SYSTEM.SEARCH_HISTORY (ID_VEHICLE,ACTUAL_STATUS,DATEOFBILL,LAST_STATUS) values ('80','SOLD',to_date('19/03/17','DD/MM/RR'),'SOLD');
Insert into SYSTEM.SEARCH_HISTORY (ID_VEHICLE,ACTUAL_STATUS,DATEOFBILL,LAST_STATUS) values ('70','TRADE',to_date('27/03/17','DD/MM/RR'),'TRADE');
Insert into SYSTEM.SEARCH_HISTORY (ID_VEHICLE,ACTUAL_STATUS,DATEOFBILL,LAST_STATUS) values ('63','TRADE',to_date('25/04/17','DD/MM/RR'),'TRADE');
Insert into SYSTEM.SEARCH_HISTORY (ID_VEHICLE,ACTUAL_STATUS,DATEOFBILL,LAST_STATUS) values ('53','TRADE',to_date('26/04/17','DD/MM/RR'),'TRADE');
Insert into SYSTEM.SEARCH_HISTORY (ID_VEHICLE,ACTUAL_STATUS,DATEOFBILL,LAST_STATUS) values ('55','TRADE',to_date('28/04/17','DD/MM/RR'),'TRADE');
Insert into SYSTEM.SEARCH_HISTORY (ID_VEHICLE,ACTUAL_STATUS,DATEOFBILL,LAST_STATUS) values ('60','TRADE',to_date('15/05/17','DD/MM/RR'),'SOLD');
Insert into SYSTEM.SEARCH_HISTORY (ID_VEHICLE,ACTUAL_STATUS,DATEOFBILL,LAST_STATUS) values ('63','TRADE',to_date('25/05/17','DD/MM/RR'),'SOLD');
Insert into SYSTEM.SEARCH_HISTORY (ID_VEHICLE,ACTUAL_STATUS,DATEOFBILL,LAST_STATUS) values ('58','SOLD',to_date('25/05/17','DD/MM/RR'),'SOLD');
Insert into SYSTEM.SEARCH_HISTORY (ID_VEHICLE,ACTUAL_STATUS,DATEOFBILL,LAST_STATUS) values ('48','TRADE',to_date('01/07/17','DD/MM/RR'),'TRADE');
Insert into SYSTEM.SEARCH_HISTORY (ID_VEHICLE,ACTUAL_STATUS,DATEOFBILL,LAST_STATUS) values ('36','TRADE',to_date('01/07/17','DD/MM/RR'),'TRADE');
Insert into SYSTEM.SEARCH_HISTORY (ID_VEHICLE,ACTUAL_STATUS,DATEOFBILL,LAST_STATUS) values ('45','TRADE',to_date('05/07/17','DD/MM/RR'),'TRADE');
Insert into SYSTEM.SEARCH_HISTORY (ID_VEHICLE,ACTUAL_STATUS,DATEOFBILL,LAST_STATUS) values ('52','TRADE',to_date('13/07/17','DD/MM/RR'),'TRADE');
Insert into SYSTEM.SEARCH_HISTORY (ID_VEHICLE,ACTUAL_STATUS,DATEOFBILL,LAST_STATUS) values ('88','SOLD',to_date('17/07/17','DD/MM/RR'),'SOLD');
Insert into SYSTEM.SEARCH_HISTORY (ID_VEHICLE,ACTUAL_STATUS,DATEOFBILL,LAST_STATUS) values ('76','TRADE',to_date('21/07/17','DD/MM/RR'),'TRADE');
Insert into SYSTEM.SEARCH_HISTORY (ID_VEHICLE,ACTUAL_STATUS,DATEOFBILL,LAST_STATUS) values ('50','TRADE',to_date('15/08/17','DD/MM/RR'),'TRADE');
Insert into SYSTEM.SEARCH_HISTORY (ID_VEHICLE,ACTUAL_STATUS,DATEOFBILL,LAST_STATUS) values ('81','SOLD',to_date('15/08/17','DD/MM/RR'),'SOLD');
Insert into SYSTEM.SEARCH_HISTORY (ID_VEHICLE,ACTUAL_STATUS,DATEOFBILL,LAST_STATUS) values ('91','SOLD',to_date('15/08/17','DD/MM/RR'),'SOLD');
Insert into SYSTEM.SEARCH_HISTORY (ID_VEHICLE,ACTUAL_STATUS,DATEOFBILL,LAST_STATUS) values ('66','TRADE',to_date('09/09/17','DD/MM/RR'),'TRADE');
Insert into SYSTEM.SEARCH_HISTORY (ID_VEHICLE,ACTUAL_STATUS,DATEOFBILL,LAST_STATUS) values ('64','TRADE',to_date('13/09/17','DD/MM/RR'),'TRADE');
Insert into SYSTEM.SEARCH_HISTORY (ID_VEHICLE,ACTUAL_STATUS,DATEOFBILL,LAST_STATUS) values ('80','SOLD',to_date('05/11/17','DD/MM/RR'),'TRADE');
Insert into SYSTEM.SEARCH_HISTORY (ID_VEHICLE,ACTUAL_STATUS,DATEOFBILL,LAST_STATUS) values ('69','TRADE',to_date('05/11/17','DD/MM/RR'),'SOLD');
Insert into SYSTEM.SEARCH_HISTORY (ID_VEHICLE,ACTUAL_STATUS,DATEOFBILL,LAST_STATUS) values ('57','TRADE',to_date('06/11/17','DD/MM/RR'),'TRADE');
Insert into SYSTEM.SEARCH_HISTORY (ID_VEHICLE,ACTUAL_STATUS,DATEOFBILL,LAST_STATUS) values ('62','TRADE',to_date('28/11/17','DD/MM/RR'),'TRADE');
Insert into SYSTEM.SEARCH_HISTORY (ID_VEHICLE,ACTUAL_STATUS,DATEOFBILL,LAST_STATUS) values ('69','TRADE',to_date('12/12/17','DD/MM/RR'),'TRADE');
Insert into SYSTEM.SEARCH_HISTORY (ID_VEHICLE,ACTUAL_STATUS,DATEOFBILL,LAST_STATUS) values ('67','SOLD',to_date('19/12/17','DD/MM/RR'),'SOLD');
Insert into SYSTEM.SEARCH_HISTORY (ID_VEHICLE,ACTUAL_STATUS,DATEOFBILL,LAST_STATUS) values ('74','SOLD',to_date('19/12/17','DD/MM/RR'),'SOLD');
Insert into SYSTEM.SEARCH_HISTORY (ID_VEHICLE,ACTUAL_STATUS,DATEOFBILL,LAST_STATUS) values ('42','TRADE',to_date('30/12/17','DD/MM/RR'),'TRADE');
Insert into SYSTEM.SEARCH_HISTORY (ID_VEHICLE,ACTUAL_STATUS,DATEOFBILL,LAST_STATUS) values ('55','TRADE',to_date('06/01/18','DD/MM/RR'),'SOLD');
Insert into SYSTEM.SEARCH_HISTORY (ID_VEHICLE,ACTUAL_STATUS,DATEOFBILL,LAST_STATUS) values ('94','SOLD',to_date('06/01/18','DD/MM/RR'),'SOLD');
Insert into SYSTEM.SEARCH_HISTORY (ID_VEHICLE,ACTUAL_STATUS,DATEOFBILL,LAST_STATUS) values ('79','SOLD',to_date('30/01/18','DD/MM/RR'),'TRADE');
Insert into SYSTEM.SEARCH_HISTORY (ID_VEHICLE,ACTUAL_STATUS,DATEOFBILL,LAST_STATUS) values ('47','TRADE',to_date('18/02/18','DD/MM/RR'),'TRADE');
Insert into SYSTEM.SEARCH_HISTORY (ID_VEHICLE,ACTUAL_STATUS,DATEOFBILL,LAST_STATUS) values ('60','TRADE',to_date('12/03/18','DD/MM/RR'),'TRADE');
Insert into SYSTEM.SEARCH_HISTORY (ID_VEHICLE,ACTUAL_STATUS,DATEOFBILL,LAST_STATUS) values ('56','TRADE',to_date('03/04/18','DD/MM/RR'),'TRADE');
Insert into SYSTEM.SEARCH_HISTORY (ID_VEHICLE,ACTUAL_STATUS,DATEOFBILL,LAST_STATUS) values ('61','TRADE',to_date('04/04/18','DD/MM/RR'),'TRADE');
Insert into SYSTEM.SEARCH_HISTORY (ID_VEHICLE,ACTUAL_STATUS,DATEOFBILL,LAST_STATUS) values ('39','TRADE',to_date('15/07/18','DD/MM/RR'),'TRADE');
Insert into SYSTEM.SEARCH_HISTORY (ID_VEHICLE,ACTUAL_STATUS,DATEOFBILL,LAST_STATUS) values ('96','SOLD',to_date('28/07/18','DD/MM/RR'),'SOLD');
Insert into SYSTEM.SEARCH_HISTORY (ID_VEHICLE,ACTUAL_STATUS,DATEOFBILL,LAST_STATUS) values ('72','SOLD',to_date('30/08/18','DD/MM/RR'),'TRADE');
Insert into SYSTEM.SEARCH_HISTORY (ID_VEHICLE,ACTUAL_STATUS,DATEOFBILL,LAST_STATUS) values ('40','TRADE',to_date('17/09/18','DD/MM/RR'),'TRADE');
Insert into SYSTEM.SEARCH_HISTORY (ID_VEHICLE,ACTUAL_STATUS,DATEOFBILL,LAST_STATUS) values ('91','SOLD',to_date('25/09/18','DD/MM/RR'),'SOLD');
Insert into SYSTEM.SEARCH_HISTORY (ID_VEHICLE,ACTUAL_STATUS,DATEOFBILL,LAST_STATUS) values ('83','SOLD',to_date('25/09/18','DD/MM/RR'),'SOLD');
Insert into SYSTEM.SEARCH_HISTORY (ID_VEHICLE,ACTUAL_STATUS,DATEOFBILL,LAST_STATUS) values ('71','SOLD',to_date('29/09/18','DD/MM/RR'),'SOLD');
REM INSERTING into SYSTEM.UNITS_AVAILABLE_UNDER_5
SET DEFINE OFF;
Insert into SYSTEM.UNITS_AVAILABLE_UNDER_5 (ID_ACCESORY,ACCESORY_DESCRIPTION,ID_MANUFACTER,MANUFACTERNAME,UNITS_AVAILABLE) values ('133','Vernon','3','Melinda N. Hubbard','4');
Insert into SYSTEM.UNITS_AVAILABLE_UNDER_5 (ID_ACCESORY,ACCESORY_DESCRIPTION,ID_MANUFACTER,MANUFACTERNAME,UNITS_AVAILABLE) values ('182','Dominic','7','Zachary R. Bentley','1');
Insert into SYSTEM.UNITS_AVAILABLE_UNDER_5 (ID_ACCESORY,ACCESORY_DESCRIPTION,ID_MANUFACTER,MANUFACTERNAME,UNITS_AVAILABLE) values ('116','Amos','15','Macaulay K. Waller','1');
Insert into SYSTEM.UNITS_AVAILABLE_UNDER_5 (ID_ACCESORY,ACCESORY_DESCRIPTION,ID_MANUFACTER,MANUFACTERNAME,UNITS_AVAILABLE) values ('173','Malik','24','Stacey R. Solis','2');
Insert into SYSTEM.UNITS_AVAILABLE_UNDER_5 (ID_ACCESORY,ACCESORY_DESCRIPTION,ID_MANUFACTER,MANUFACTERNAME,UNITS_AVAILABLE) values ('197','Len','33','Minerva M. Howell','2');
Insert into SYSTEM.UNITS_AVAILABLE_UNDER_5 (ID_ACCESORY,ACCESORY_DESCRIPTION,ID_MANUFACTER,MANUFACTERNAME,UNITS_AVAILABLE) values ('161','Reuben','35','Lewis V. Carver','2');
Insert into SYSTEM.UNITS_AVAILABLE_UNDER_5 (ID_ACCESORY,ACCESORY_DESCRIPTION,ID_MANUFACTER,MANUFACTERNAME,UNITS_AVAILABLE) values ('196','Hector','41','Camilla Y. Mcconnell','2');
Insert into SYSTEM.UNITS_AVAILABLE_UNDER_5 (ID_ACCESORY,ACCESORY_DESCRIPTION,ID_MANUFACTER,MANUFACTERNAME,UNITS_AVAILABLE) values ('187','Brian','43','Gareth Z. Lester','3');
Insert into SYSTEM.UNITS_AVAILABLE_UNDER_5 (ID_ACCESORY,ACCESORY_DESCRIPTION,ID_MANUFACTER,MANUFACTERNAME,UNITS_AVAILABLE) values ('193','Reed','53','Audrey D. Church','4');
Insert into SYSTEM.UNITS_AVAILABLE_UNDER_5 (ID_ACCESORY,ACCESORY_DESCRIPTION,ID_MANUFACTER,MANUFACTERNAME,UNITS_AVAILABLE) values ('140','Peter','54','Colton D. Langley','2');
Insert into SYSTEM.UNITS_AVAILABLE_UNDER_5 (ID_ACCESORY,ACCESORY_DESCRIPTION,ID_MANUFACTER,MANUFACTERNAME,UNITS_AVAILABLE) values ('172','Keaton','62','Raymond R. England','4');
Insert into SYSTEM.UNITS_AVAILABLE_UNDER_5 (ID_ACCESORY,ACCESORY_DESCRIPTION,ID_MANUFACTER,MANUFACTERNAME,UNITS_AVAILABLE) values ('181','Herrod','76','Echo K. Mendoza','4');
Insert into SYSTEM.UNITS_AVAILABLE_UNDER_5 (ID_ACCESORY,ACCESORY_DESCRIPTION,ID_MANUFACTER,MANUFACTERNAME,UNITS_AVAILABLE) values ('156','Dolan','77','Hedwig J. Gutierrez','1');
Insert into SYSTEM.UNITS_AVAILABLE_UNDER_5 (ID_ACCESORY,ACCESORY_DESCRIPTION,ID_MANUFACTER,MANUFACTERNAME,UNITS_AVAILABLE) values ('126','Cyrus','78','Melyssa B. Carroll','4');
Insert into SYSTEM.UNITS_AVAILABLE_UNDER_5 (ID_ACCESORY,ACCESORY_DESCRIPTION,ID_MANUFACTER,MANUFACTERNAME,UNITS_AVAILABLE) values ('132','Hayes','80','Shafira Z. Rivers','4');
Insert into SYSTEM.UNITS_AVAILABLE_UNDER_5 (ID_ACCESORY,ACCESORY_DESCRIPTION,ID_MANUFACTER,MANUFACTERNAME,UNITS_AVAILABLE) values ('138','Branden','100','Kareem T. Whitehead','4');
--------------------------------------------------------
--  DDL for Index SYS_C007396
--------------------------------------------------------

  CREATE UNIQUE INDEX "SYSTEM"."SYS_C007396" ON "SYSTEM"."ACCESORIES" ("ID_ACCESORY") 
  ;
--------------------------------------------------------
--  DDL for Index SYS_C007449
--------------------------------------------------------

  CREATE UNIQUE INDEX "SYSTEM"."SYS_C007449" ON "SYSTEM"."BILL_DETAILS" ("ID") 
  ;
--------------------------------------------------------
--  DDL for Index SYS_C007446
--------------------------------------------------------

  CREATE UNIQUE INDEX "SYSTEM"."SYS_C007446" ON "SYSTEM"."BILLS" ("ID") 
  ;
--------------------------------------------------------
--  DDL for Index SYS_C007389
--------------------------------------------------------

  CREATE UNIQUE INDEX "SYSTEM"."SYS_C007389" ON "SYSTEM"."CUSTOMERS" ("ID_CUSTOMER") 
  ;
--------------------------------------------------------
--  DDL for Index SYS_C007394
--------------------------------------------------------

  CREATE UNIQUE INDEX "SYSTEM"."SYS_C007394" ON "SYSTEM"."MANUFACTERS" ("ID_MANUFACTER") 
  ;
--------------------------------------------------------
--  DDL for Index SYS_C007392
--------------------------------------------------------

  CREATE UNIQUE INDEX "SYSTEM"."SYS_C007392" ON "SYSTEM"."SALES_PERSONS" ("ID_SALES_PERSON") 
  ;
--------------------------------------------------------
--  DDL for Index SYS_C007398
--------------------------------------------------------

  CREATE UNIQUE INDEX "SYSTEM"."SYS_C007398" ON "SYSTEM"."VEHICLES" ("ID_VEHICLE") 
  ;
--------------------------------------------------------
--  DDL for Trigger UPDATING_QTY_ACCESORIES
--------------------------------------------------------

  CREATE OR REPLACE NONEDITIONABLE TRIGGER "SYSTEM"."UPDATING_QTY_ACCESORIES" AFTER INSERT ON BILL_DETAILS
FOR EACH ROW

BEGIN
    UPDATE ACCESORIES SET ACCESORIES.UNITS_AVAILABLE = UNITS_AVAILABLE - :new.QTY_ACCESORIES
    WHERE ID_ACCESORY = :new.ID_ACCESORIES;
END;
/
ALTER TRIGGER "SYSTEM"."UPDATING_QTY_ACCESORIES" ENABLE;
--------------------------------------------------------
--  DDL for Procedure HISTORY_VEHICLE
--------------------------------------------------------
set define off;

  CREATE OR REPLACE NONEDITIONABLE PROCEDURE "SYSTEM"."HISTORY_VEHICLE" (V_NUMBER NUMBER, p_resultset IN OUT SYS_REFCURSOR) AS
BEGIN
    OPEN p_resultset FOR
    SELECT VEHICLES.ID_VEHICLE, VEHICLES.VEHICLE_STATUS, BILLS.DATEOFBILL, BILL_DETAILS.VEHICLE_STATUS FROM VEHICLES INNER JOIN BILL_DETAILS ON VEHICLES.ID_VEHICLE = BILL_DETAILS.ID_VEHICLE INNER JOIN BILLS ON BILL_DETAILS.ID_BILLS = BILLS.ID
    WHERE VEHICLES.ID_VEHICLE = V_NUMBER;
END;

/
--------------------------------------------------------
--  DDL for Procedure REORDER_UNITS
--------------------------------------------------------
set define off;

  CREATE OR REPLACE NONEDITIONABLE PROCEDURE "SYSTEM"."REORDER_UNITS" AS
BEGIN
   UPDATE UNITS_AVAILABLE_UNDER_5 SET UNITS_AVAILABLE = UNITS_AVAILABLE + 20;
END;

/
--------------------------------------------------------
--  DDL for Procedure IMPRESION_ARREGLO
--------------------------------------------------------
set define off;

  CREATE OR REPLACE NONEDITIONABLE PROCEDURE "SYSTEM"."IMPRESION_ARREGLO" (arreglo varray_type) IS
BEGIN
FOR i in 1..arreglo.COUNT LOOP
    DBMS_OUTPUT.PUT_LINE(arreglo(i));
    END LOOP;

END;

/
--------------------------------------------------------
--  DDL for Package BILL_PACKAGE
--------------------------------------------------------

  CREATE OR REPLACE NONEDITIONABLE PACKAGE "SYSTEM"."BILL_PACKAGE" IS 
--Declaro el tipo ref cursor ----
TYPE var_refcursor IS REF CURSOR

/
--------------------------------------------------------
--  DDL for Package PK_BILL_APP_CONTEXT
--------------------------------------------------------

  CREATE OR REPLACE NONEDITIONABLE PACKAGE "SYSTEM"."PK_BILL_APP_CONTEXT" AS
  -- El contexto tendra un unico valor deptno
  PROCEDURE set_bill (bill_id IN NUMBER);
END;

/
--------------------------------------------------------
--  DDL for Package Body PK_BILL_APP_CONTEXT
--------------------------------------------------------

  CREATE OR REPLACE NONEDITIONABLE PACKAGE BODY "SYSTEM"."PK_BILL_APP_CONTEXT" AS
  PROCEDURE set_bill (bill_id IN NUMBER) IS
  BEGIN
    DBMS_SESSION.SET_CONTEXT('app_ctx_scott', 'deptno', bill_id);
  END;
END;

/
--------------------------------------------------------
--  DDL for Function BILL_SEARCHING
--------------------------------------------------------

  CREATE OR REPLACE NONEDITIONABLE FUNCTION "SYSTEM"."BILL_SEARCHING" (idVehicle number) RETURN BILL_SEARCH IS
v2 BILL_SEARCH;
BEGIN
SELECT ID_BILL,ID_SALES_PERSON,SALES_PERSON_NAME,ID_CUSTOMER,NAME_CUSTOMER,ID_VEHICLE,VEHICLE_STATUS,
ID_MANUFACTER,MANUFACTERNAME,ID_ACCESORIES,ACCESORY_DESCRIPTION,DATEOFBILL,TOTALCOST
INTO v2 FROM IMPRESION_BILLS WHERE ID_BILL = idVehicle;
END;

/
--------------------------------------------------------
--  DDL for Synonymn CATALOG
--------------------------------------------------------

  CREATE OR REPLACE NONEDITIONABLE SYNONYM "SYSTEM"."CATALOG" FOR "SYS"."CATALOG";
--------------------------------------------------------
--  DDL for Synonymn COL
--------------------------------------------------------

  CREATE OR REPLACE NONEDITIONABLE SYNONYM "SYSTEM"."COL" FOR "SYS"."COL";
--------------------------------------------------------
--  DDL for Synonymn PRODUCT_USER_PROFILE
--------------------------------------------------------

  CREATE OR REPLACE NONEDITIONABLE SYNONYM "SYSTEM"."PRODUCT_USER_PROFILE" FOR "SYSTEM"."SQLPLUS_PRODUCT_PROFILE";
--------------------------------------------------------
--  DDL for Synonymn PUBLICSYN
--------------------------------------------------------

  CREATE OR REPLACE NONEDITIONABLE SYNONYM "SYSTEM"."PUBLICSYN" FOR "SYS"."PUBLICSYN";
--------------------------------------------------------
--  DDL for Synonymn SYSCATALOG
--------------------------------------------------------

  CREATE OR REPLACE NONEDITIONABLE SYNONYM "SYSTEM"."SYSCATALOG" FOR "SYS"."SYSCATALOG";
--------------------------------------------------------
--  DDL for Synonymn SYSFILES
--------------------------------------------------------

  CREATE OR REPLACE NONEDITIONABLE SYNONYM "SYSTEM"."SYSFILES" FOR "SYS"."SYSFILES";
--------------------------------------------------------
--  DDL for Synonymn TAB
--------------------------------------------------------

  CREATE OR REPLACE NONEDITIONABLE SYNONYM "SYSTEM"."TAB" FOR "SYS"."TAB";
--------------------------------------------------------
--  DDL for Synonymn TABQUOTAS
--------------------------------------------------------

  CREATE OR REPLACE NONEDITIONABLE SYNONYM "SYSTEM"."TABQUOTAS" FOR "SYS"."TABQUOTAS";
--------------------------------------------------------
--  Constraints for Table ACCESORIES
--------------------------------------------------------

  ALTER TABLE "SYSTEM"."ACCESORIES" MODIFY ("ID_ACCESORY" NOT NULL ENABLE);
  ALTER TABLE "SYSTEM"."ACCESORIES" ADD PRIMARY KEY ("ID_ACCESORY")
  USING INDEX  ENABLE;
--------------------------------------------------------
--  Constraints for Table BILL_DETAILS
--------------------------------------------------------

  ALTER TABLE "SYSTEM"."BILL_DETAILS" ADD PRIMARY KEY ("ID")
  USING INDEX  ENABLE;
  ALTER TABLE "SYSTEM"."BILL_DETAILS" ADD CONSTRAINT "C_STATUS1" CHECK (Vehicle_Status IN('NEW','TRADE','SOLD')) ENABLE;
--------------------------------------------------------
--  Constraints for Table BILLS
--------------------------------------------------------

  ALTER TABLE "SYSTEM"."BILLS" ADD PRIMARY KEY ("ID")
  USING INDEX  ENABLE;
--------------------------------------------------------
--  Constraints for Table CUSTOMERS
--------------------------------------------------------

  ALTER TABLE "SYSTEM"."CUSTOMERS" MODIFY ("ID_CUSTOMER" NOT NULL ENABLE);
  ALTER TABLE "SYSTEM"."CUSTOMERS" ADD PRIMARY KEY ("ID_CUSTOMER")
  USING INDEX  ENABLE;
--------------------------------------------------------
--  Constraints for Table MANUFACTERS
--------------------------------------------------------

  ALTER TABLE "SYSTEM"."MANUFACTERS" MODIFY ("ID_MANUFACTER" NOT NULL ENABLE);
  ALTER TABLE "SYSTEM"."MANUFACTERS" ADD PRIMARY KEY ("ID_MANUFACTER")
  USING INDEX  ENABLE;
--------------------------------------------------------
--  Constraints for Table SALES_PERSONS
--------------------------------------------------------

  ALTER TABLE "SYSTEM"."SALES_PERSONS" MODIFY ("ID_SALES_PERSON" NOT NULL ENABLE);
  ALTER TABLE "SYSTEM"."SALES_PERSONS" ADD PRIMARY KEY ("ID_SALES_PERSON")
  USING INDEX  ENABLE;
--------------------------------------------------------
--  Constraints for Table VEHICLES
--------------------------------------------------------

  ALTER TABLE "SYSTEM"."VEHICLES" MODIFY ("ID_VEHICLE" NOT NULL ENABLE);
  ALTER TABLE "SYSTEM"."VEHICLES" ADD PRIMARY KEY ("ID_VEHICLE")
  USING INDEX  ENABLE;
  ALTER TABLE "SYSTEM"."VEHICLES" ADD CONSTRAINT "C_STATUS" CHECK (Vehicle_Status IN('NEW','TRADE','SOLD')) ENABLE;
--------------------------------------------------------
--  Ref Constraints for Table ACCESORIES
--------------------------------------------------------

  ALTER TABLE "SYSTEM"."ACCESORIES" ADD FOREIGN KEY ("ID_MANUFACTER")
	  REFERENCES "SYSTEM"."MANUFACTERS" ("ID_MANUFACTER") ENABLE;
--------------------------------------------------------
--  Ref Constraints for Table BILL_DETAILS
--------------------------------------------------------

  ALTER TABLE "SYSTEM"."BILL_DETAILS" ADD FOREIGN KEY ("ID_BILLS")
	  REFERENCES "SYSTEM"."BILLS" ("ID") ENABLE;
  ALTER TABLE "SYSTEM"."BILL_DETAILS" ADD FOREIGN KEY ("ID_VEHICLE")
	  REFERENCES "SYSTEM"."VEHICLES" ("ID_VEHICLE") ENABLE;
  ALTER TABLE "SYSTEM"."BILL_DETAILS" ADD FOREIGN KEY ("ID_ACCESORIES")
	  REFERENCES "SYSTEM"."ACCESORIES" ("ID_ACCESORY") ENABLE;
--------------------------------------------------------
--  Ref Constraints for Table BILLS
--------------------------------------------------------

  ALTER TABLE "SYSTEM"."BILLS" ADD FOREIGN KEY ("ID_CUSTOMERS")
	  REFERENCES "SYSTEM"."CUSTOMERS" ("ID_CUSTOMER") ENABLE;
  ALTER TABLE "SYSTEM"."BILLS" ADD FOREIGN KEY ("ID_SALES_PERSON")
	  REFERENCES "SYSTEM"."SALES_PERSONS" ("ID_SALES_PERSON") ENABLE;
--------------------------------------------------------
--  Ref Constraints for Table VEHICLES
--------------------------------------------------------

  ALTER TABLE "SYSTEM"."VEHICLES" ADD FOREIGN KEY ("ID_MANUFACTER")
	  REFERENCES "SYSTEM"."MANUFACTERS" ("ID_MANUFACTER") ENABLE;
